TX_CAPA;TX_NOMBRE;Shape_Leng
CICLOCALLES;Calle del Arroyo de la Media Legua;846,8657711
CICLOCALLES;Calle de Sierra Toledana;256,4569557
PEATONAL;Calle de la Fuente Carrantona;180,7689929
CICLOCALLES;Calle de la Hacienda de Pavones;157,7005766
CICLOCALLES;Calle de la Encomienda de Palacios;135,844364
CICLOCALLES;Calle de la Tacona;275,7828682
CICLOCALLES;Calle de Luis Ruiz;1117,290867
CICLOCALLES;Calle de Esteban Collantes;666,1928521
CICLOCALLES;Calle del Puerto de Canfranc;106,5596236
CICLOCALLES;Calle de Francisco Abril;166,0849159
CICLOCALLES;Calle de Los Mesejo;328,7686969
CICLOCALLES;Calle de Santurce;481,2308705
PEATONAL;Calle de Novecento;264,1071796
CICLOCALLES;Calle de Hernﬂndez Mas;267,5422826
CICLOCALLES;Calle de la Imagen;413,3415767
CICLOCALLES;Calle del Puerto de la Bonaigua;303,8497002
CICLOCALLES;Calle de Esteban Carros;510,9227374
CICLOCALLES;Calle del Padre Llanos;104,1883649
CICLOCALLES;Calle de Pedroches;412,6149891
CICLOCALLES;Calle de la Campi±a;20,297091
CICLOCALLES;Calle de Esteban Carros;679,4495067
CICLOCALLES;Calle de Mend›vil;429,5300065
CICLOCALLES;Calle del Puerto del Monasterio;623,925866
CICLOCALLES;Camino de Valderribas;802,6603922
CICLOCALLES;Calle de Antonia Calas;39,39113076
CICLOCALLES;Calle de Argente;235,0937034
CICLOCALLES;Calle del Puerto de Piedrafita;63,75835192
PEATONAL;Avenida de la Paz;169,1771577
CICLOCALLES;Calle de Arregui y Aruej;218,7894998
CICLOCALLES;Avenida de la Ciudad de Barcelona;34,1472643
CICLOCALLES;Calle del Doctor Fernando Primo de Rivera;113,1061977
CICLOCALLES;Calle del Doctor Salgado;394,4916727
CICLOCALLES;Calle del Puerto Alto;393,2158032
PEATONAL;Calle de Pe±a Gorbea;247,9116126
CICLOCALLES;Calle del Doctor Lozano;153,5730904
CICLOCALLES;Camino del Pozo del T›o Raimundo;344,2855569
CICLOCALLES;Camino del Pozo del T›o Raimundo;354,7594645
CICLOCALLES;Camino de las Hormigueras;1678,521091
CICLOCALLES;Calle de Sierra Vieja;425,5093337
CICLOCALLES;Camino de las Hormigueras;1719,906518
CICLOCALLES;Calle de Sierra Vieja;784,4930485
CICLOCALLES;Calle de Cyesa;291,0276511
CICLOCALLES;Calle de Jos⁄ Luis de Arrese;115,8794573
CICLOCALLES;Calle del Marqu⁄s de Lozoya;491,7538511
CICLOCALLES;Calle del Arroyo de la Media Legua;777,1589933
CICLOCALLES;Calle de Sierra Toledana;868,9056962
CICLOCALLES;Calle de la Virgen de Lluc;54,08568145
CICLOCALLES;Calle del Marqu⁄s de Lozoya;439,4071172
CICLOCALLES;Calle del Alcalde Læpez Casero;236,2554999
CICLOCALLES;Calle del Pez Austral;409,6125701
CICLOCALLES;Calle de Arias Montano;79,8404017
PEATONAL;Calle de la Estrella Polar;112,152484
CICLOCALLES;Calle de Juan Esplandiu;74,66410319
PEATONAL;Avenida de la Paz;221,5958071
CICLOCALLES;Calle de Ricardo Ortiz;962,6010845
CICLOCALLES;Calle de Ricardo Ortiz;990,3579191
CICLOCALLES;Calle de Antonio Toledano;403,1042605
CICLOCALLES;Calle de Iturbe;132,2051026
CICLOCALLES;Calle de Bocﬂngel;433,8235612
PEATONAL;Parque Fuente del Berro;225,9369689
CICLOCALLES;Calle de Alejandro Gonzﬂlez;158,6484372
CICLOCALLES;Plaza de Am⁄rica Espa±ola;40,87486433
CICLOCALLES;Calle del Marqu⁄s de Mond⁄jar;501,4862738
CICLOCALLES;Calle de Vaquer›as;81,39325172
CICLOCALLES;Calle de los Condes de Torreanaz;151,0902114
CICLOCALLES;Calle de Juan Esplandiu;158,0445377
CICLOCALLES;Calle de Saliente;60,8514501
CICLOCALLES;Calle de Londres;497,7959825
CICLOCALLES;Calle de Alcalﬂ;30,21370761
CICLOCALLES;Avenida de los Toreros;246,4613164
CICLOCALLES;Calle de ?ngel Ganivet;69,78007252
CICLOCALLES;Avenida de San Luis;1914,194446
CICLOCALLES;Calle de Yerma;326,9798468
PEATONAL;Calle de Santa Mar›a Magdalena;240,2026135
CICLOCALLES;Calle de Uruguay;495,3916227
CICLOCALLES;Calle del Pintor Ribera;233,1010244
CICLOCALLES;Calle de Huelva;106,3467364
CICLOCALLES;Calle de Jorge Juan;901,6688001
CICLOCALLES;Calle de Santa Rafaela Mar›a del Sagrado Corazæn;263,732599
CICLOCALLES;Calle de Ferrer del R›o;303,312731
CICLOCALLES;Calle de Cartagena;1170,61443
CICLOCALLES;Avenida de Bruselas;110,4230211
CICLOCALLES;Calle de Lomb›a;340,4600269
CICLOCALLES;Calle de Maiquez;787,2279536
CICLOCALLES;Calle de Montesa;382,5384105
CICLOCALLES;Calle del Alcalde Sﬂinz de Baranda;1232,600043
CICLOCALLES;Calle del Alcalde Sﬂinz de Baranda;1250,632652
CICLOCALLES;Calle de Luis Mitjans;241,1203677
CICLOCALLES;Calle de Valderribas;780,200676
CICLOCALLES;Calle de Fromista;727,5834412
CICLOCALLES;Calle de la Retama;383,8205623
CICLOCALLES;Calle de Don Ramæn de la Cruz;1706,86406
CICLOCALLES;Calle de Nicasio Gallego;266,4326502
CICLOCALLES;Calle de Zurbarﬂn;599,2371536
CICLOCALLES;Calle de Padilla;1241,343511
CICLOCALLES;Calle de Luis Cabrera;598,9366298
CICLOCALLES;Avenida de Aster;289,3745945
CICLOCALLES;Paseo de los Cerezos;353,0158238
CICLOCALLES;Calle del Padre Claret;197,0764664
CICLOCALLES;Calle de la Drﬂcena;320,1261575
PEATONAL;Avenida de la Paz;355,3140733
CICLOCALLES;Calle de la Lagartera;418,6753431
CICLOCALLES;Calle de La Mancha;293,6868505
CICLOCALLES;Calle de Santa Rafaela Mar›a del Sagrado Corazæn;247,9986344
CICLOCALLES;Calle del Vizconde de Arlessæn;414,4081593
CICLOCALLES;Calle de la Lagartera;362,9497627
CICLOCALLES;Calle del Conde Rodr›guez San Pedro Mejorana;46,4332593
CICLOCALLES;Avenida del Monte Igueldo;879,6214816
CICLOCALLES;Calle de la Isla de Jamaica;252,8654049
CICLOCALLES;Calle del Preventorio;188,6786852
CICLOCALLES;Calle de Monasterio de Las Huelgas;122,0424354
CICLOCALLES;Calle de Trafalgar;124,6616732
CICLOCALLES;Calle de Blasco de Garay;668,3868644
CICLOCALLES;Calle de los Mﬂrtires de Alcalﬂ;240,6603219
CICLOCALLES;;131,9591825
CICLOCALLES;Plaza de Carlos Mar›a de Castro;20,35065277
CICLOCALLES;Calle de Castellæ;1870,334251
CICLOCALLES;Calle de N∑±ez de Balboa;1956,082565
CICLOCALLES;Parque Cu±a Verde de Latina;650,227721
CICLOCALLES;Calle del Profesor Jos⁄ Garc›a Santesmases;169,1169193
CICLOCALLES;Calle de Zurbano;1610,018892
CICLOCALLES;Calle de Fernﬂndez de la Hoz;1290,368297
CICLOCALLES;Paseo de los Olivos;638,954185
CICLOCALLES;Calle de Eugenia de Montijo;252,6647544
CICLOCALLES;Calle de Cebreros;249,6320812
CICLOCALLES;Parque Cu±a Verde de Latina;221,7029744
CICLOCALLES;Calle del Arroyo de las Pavas;94,92436255
CICLOCALLES;Calle del El Toboso;1242,920398
CICLOCALLES;Calle Principal de Provincias;608,3242701
CICLOCALLES;Calle de Joaqu›n Lorenzo;1163,360487
CICLOCALLES;Calle del General ?lvarez de Castro;132,6585651
CICLOCALLES;Calle de Trafalgar;124,4680993
CICLOCALLES;Calle de los Estudiantes;79,42414447
CICLOCALLES;Calle de Andr⁄s Mellado;1248,754104
CICLOCALLES;Avenida de S⁄neca;231,9938202
CICLOCALLES;Calle de la Senda del Rey;137,2381687
CICLOCALLES;Calle del Arzobispo Morcillo;976,5826787
CICLOCALLES;Calle de Balsaminas;60,65090044
CICLOCALLES;Calle del Conde de Vallellano;142,8753636
CICLOCALLES;Calle de Gonzalo Sandino;66,62109128
PEATONAL;Calle de Vi±egra;221,1495745
CICLOCALLES;Calle de Muntadas;304,6421847
CICLOCALLES;Calle de Cebreros;848,7226978
CICLOCALLES;Calle del General Romero Basart;318,7126102
CICLOCALLES;Calle de Jos⁄ de Cadalso;471,5739903
CICLOCALLES;Calle de Rafael Finat;139,8698579
CICLOCALLES;Calle de Jos⁄ de Cadalso;417,3683095
CICLOCALLES;Calle de Rafael Finat;264,3619317
PEATONAL;Calle de la Duquesa de Parcent;256,5714477
CICLOCALLES;Paseo de Mu±oz Grandes;132,3308238
CICLOCALLES;Calle de Camarena;536,5190707
CICLOCALLES;Calle del General Romero Basart;585,7535016
CICLOCALLES;Calle de Camarena;854,6472486
PEATONAL;Calle de la Vidauba;102,143785
PEATONAL;Calle de la Vidauba;66,25108499
CICLOCALLES;Calle de Mascaraque;368,5127008
CICLOCALLES;Calle de Consuelo Guzmﬂn;114,266011
PEATONAL;Avenida de los Poblados;92,35563192
PEATONAL;Calle de Tembleque;134,7840625
CICLOCALLES;Calle de Tembleque;361,4982812
PEATONAL;Avenida de los Poblados;102,4252562
PEATONAL;Calle de Tembleque;102,7887229
CICLOCALLES;Avenida del Padre Piquer;193,1945291
CICLOCALLES;Avenida del Padre Piquer;234,5990696
CICLOCALLES;Calle de Tembleque;98,73517914
CICLOCALLES;Calle de Illescas;425,8134535
CICLOCALLES;Calle de Tembleque;82,23900023
CICLOCALLES;Calle de Tembleque;396,6536579
PEATONAL;Calle de la Virgen del Sagrario;178,1824224
CICLOCALLES;Calle de Monse±or Oscar Romero;310,7412447
CICLOCALLES;Calle del Padre Amigæ;351,4470471
CICLOCALLES;Avenida de Nuestra Se±ora de Fﬂtima;157,8298589
CICLOCALLES;Calle de Monse±or Oscar Romero;316,5524865
CICLOCALLES;Calle de la Batalla de Torrijos;168,4120775
CICLOCALLES;Calle de Francisco Romero;120,0210885
CICLOCALLES;Calle de Antonio Antoranz;199,1950316
CICLOCALLES;Calle del Blasæn;359,9428279
CICLOCALLES;Plaza de Carabanchel;115,4134237
CICLOCALLES;Calle de la Sombra;96,95473449
PEATONAL;Calle de Monse±or Oscar Romero;57,58996425
PEATONAL;Calle de la Alhambra;179,1829847
CICLOCALLES;Paseo de la Puerta del Batﬂn;498,5190829
CICLOCALLES;Calle de Alverja;130,9104235
CICLOCALLES;Calle de Sep∑lveda;249,2719217
CICLOCALLES;Calle del Concierto;94,21103343
CICLOCALLES;Calle de Almazﬂn;246,4313292
CICLOCALLES;;132,3320729
PEATONAL;Calle de la Huerta de Casta±eda;71,73379351
CICLOCALLES;Calle de Riocabado;303,1987814
CICLOCALLES;Calle de Riocabado;354,4172713
PEATONAL;Calle de Carlos Fuentes;54,34951478
CICLOCALLES;Calle de H∑mera;217,7489945
CICLOCALLES;Calle de H∑mera;198,2879616
PEATONAL;Senda Real;294,9637424
PEATONAL;Avenida del Cardenal Herrera Oria;183,6458742
CICLOCALLES;Calle del Doctor Carmena Ruiz;167,144988
CICLOCALLES;Calle de la Colegiata;261,570308
CICLOCALLES;Plaza de Tirso de Molina;168,4522287
CICLOCALLES;Calle del Casino;324,2864694
CICLOCALLES;Calle de Tribulete;272,9473405
CICLOCALLES;Calle del Pez;522,6327727
CICLOCALLES;Calle de Gotarrendura;115,9941978
CICLOCALLES;Calle de Gotarrendura;118,7003567
PEATONAL;Calle de Preciados;510,0363138
PEATONAL;Calle del Carmen;346,460014
CICLOCALLES;Calle de la Corredera Baja de San Pablo;363,6082182
CICLOCALLES;Calle de los Tudescos;140,0785303
CICLOCALLES;Calle de Carretas;248,1888227
CICLOCALLES;Paseo de San Illﬂn;602,1664569
CICLOCALLES;Calle de Garcilaso;55,81323442
CICLOCALLES;Calle de la Batalla del Salado;862,8579824
CICLOCALLES;Calle de Amparo Usera;439,820631
CICLOCALLES;Calle del Cristo de la Victoria;485,3809219
CICLOCALLES;Calle de Enrique Fuentes;85,91557737
CICLOCALLES;Calle de Moratines;358,2095004
CICLOCALLES;Calle del Amor Hermoso;740,5722658
CICLOCALLES;Calle del Cristo de la Victoria;76,94025823
CICLOCALLES;Calle de Jerænimo de la Quintana;151,5932004
CICLOCALLES;Calle de Rodr›guez San Pedro;1002,498737
CICLOCALLES;Calle del General Lacy;484,6864631
PEATONAL;Paseo del Quince de Mayo;183,7695052
CICLOCALLES;Calle de Manuel Noya;117,8976597
CICLOCALLES;Calle de Marcelo Usera;419,8697912
CICLOCALLES;Calle de la Marquesa de Silvela;321,8288126
CICLOCALLES;Paseo de Santa Mar›a de la Cabeza;109,6617932
CICLOCALLES;Calle del Arroyo Opa±el;453,4272178
CICLOCALLES;Calle de Eusebio Morﬂn;49,14962356
CICLOCALLES;Calle V›a Lusitana;202,9226294
CICLOCALLES;Calle de Mercedes Arteaga;316,5992725
PEATONAL;Plaza de Fernﬂndez Ladreda;183,7650824
PEATONAL;Calle V›a Lusitana;168,1866896
CICLOCALLES;Calle de Fernando Gonzﬂlez;200,9406552
CICLOCALLES;Calle de Josefa Fernﬂndez Buterga;147,2850865
CICLOCALLES;Calle del Radio;304,9386385
CICLOCALLES;Calle del Camino Viejo de Legan⁄s;815,9862169
CICLOCALLES;Calle de Alejandro Gonzﬂlez;323,2041764
CICLOCALLES;Calle del Gorriæn;235,4629645
CICLOCALLES;Calle del Alf⁄rez Juan Usera;44,61351668
CICLOCALLES;Calle de Zaida;611,4940328
CICLOCALLES;Calle del Valle de Oro;774,0535312
CICLOCALLES;Calle de la V›a;463,3472714
CICLOCALLES;Calle de Nicolﬂs Morales;242,687435
CICLOCALLES;Calle de la Tærtola;110,1935441
CICLOCALLES;Calle de Matilde Hernﬂndez;385,2892481
CICLOCALLES;Calle de la Gaviota;199,1021824
CICLOCALLES;Calle de Zaida;278,5266797
CICLOCALLES;Calle de Carlos Dabﬂn;169,6820825
CICLOCALLES;Calle de Carlos Dabﬂn;101,141019
CICLOCALLES;Calle del Arroyo Valdecelada;165,0500108
CICLOCALLES;Calle de Carlos Dabﬂn;71,30120898
CICLOCALLES;Calle de Zaida;30,74324344
CICLOCALLES;Calle de Portalegre;114,0854524
CICLOCALLES;Calle de Portalegre;269,9134495
CICLOCALLES;Calle del Comandante Fontanes;405,3742994
CICLOCALLES;Calle de Sallaberry;47,70378284
PEATONAL;;76,35308518
PEATONAL;Calle de San Pompeyo;33,57534462
PEATONAL;Plaza de Fernﬂndez Ladreda;49,75726283
PEATONAL;Manzanares;336,7225743
CICLOCALLES;Calle de la Inmaculada Concepciæn;699,7477433
CICLOCALLES;Calle de Manuel Noya;130,9265656
CICLOCALLES;Calle de Tomﬂs Meabe;304,58236
CICLOCALLES;Calle de Salasierra;155,0613453
CICLOCALLES;Calle de Antonio de Leyva;60,97841906
CICLOCALLES;Calle de Baleares;554,4354912
CICLOCALLES;Calle de Manuel Noya;53,61046387
CICLOCALLES;Calle de Sorbe;51,15222764
CICLOCALLES;Calle de Antonio de Leyva;24,27170794
PEATONAL;Glorieta del Marqu⁄s de Vadillo;314,7456024
CICLOCALLES;Calle de Juliﬂn Gonzﬂlez;63,75740204
CICLOCALLES;Calle del General Ricardos;42,21714207
PEATONAL;Calle del General Ricardos;44,30803886
PEATONAL;Manzanares;92,53038343
CICLOCALLES;Avenida de la Emperatriz Isabel;247,6042387
CICLOCALLES;Paseo del Quince de Mayo;259,5816174
PEATONAL;Paseo de San Illﬂn;126,0749417
CICLOCALLES;Calle de San Marcos;115,6222457
CICLOCALLES;Calle de la Libertad;180,7302524
CICLOCALLES;Calle de Luis de Gængora;112,5155242
CICLOCALLES;Calle de Jacinto Verdaguer;221,7125811
PEATONAL;Calle de Toledo;320,4715842
PEATONAL;Paseo de Santa Mar›a de la Cabeza;174,2051402
CICLOCALLES;Calle de Juan Espa±ol;446,522413
PEATONAL;Manzanares;89,33782036
PEATONAL;Parque del Oeste;374,9929026
PEATONAL;Paseo del Pintor Rosales;172,9738362
PEATONAL;Manzanares;181,9412688
PEATONAL;Plaza de Oriente;169,1718494
CICLOCALLES;Paseo del Rey;592,9047927
CICLOCALLES;Calle de los Chulapos;138,4727642
CICLOCALLES;Paseo de la Puerta del ?ngel;216,645906
CICLOCALLES;Calle de Altamirano;549,7108169
CICLOCALLES;Calle de Ruy Gonzﬂlez de Clavijo;154,4301468
CICLOCALLES;Calle de la Rosaleda;639,6871217
CICLOCALLES;Calle del Buen Suceso;442,9079443
CICLOCALLES;Calle de Trujillos;135,1676347
CICLOCALLES;Calle de Santa ?rsula;180,8548167
CICLOCALLES;Calle de Caramuel;636,3950244
CICLOCALLES;Calle de Antonio Zamora;483,1763674
CICLOCALLES;Calle de Caramuel;170,1447515
CICLOCALLES;Paseo de la Puerta del ?ngel;312,4289007
CICLOCALLES;Calle de Fruela;145,4600084
CICLOCALLES;Paseo de la Puerta del ?ngel;209,773704
PEATONAL;Manzanares;19,99536494
PEATONAL;Puente de Segovia;107,1314031
PEATONAL;Puente de Segovia;109,5349624
PEATONAL;Avenida de Portugal;49,65732664
CICLOCALLES;Calle de San Pol de Mar;145,9485161
PEATONAL;Calle de Francisco y Jacinto Alcﬂntara;214,4969047
PEATONAL;Glorieta de San Antonio de la Florida;121,9915646
CICLOCALLES;Calle de Francisco y Jacinto Alcﬂntara;222,1400586
CICLOCALLES;Casa de Campo;194,33489
CICLOCALLES;Calle de Santa Pola;139,1949817
CICLOCALLES;Calle de Santa Fe;91,33679031
PEATONAL;Calle de Santa Pola;39,8997791
PEATONAL;Manzanares;83,00181564
CICLOCALLES;Glorieta de San Antonio de la Florida;161,8459807
PEATONAL;Manzanares;50,71179244
PEATONAL;Paseo del Pintor Rosales;191,4731126
CICLOCALLES;Calle de Francisco y Jacinto Alcﬂntara;208,7904814
CICLOCALLES;Calle de San Isidro de Sevilla;158,7986566
CICLOCALLES;Calle de Santa Casilda;185,8337007
PEATONAL;Calle de Bercial;26,77588677
CICLOCALLES;Calle de San Dﬂmaso;153,8329166
PEATONAL;Ronda de Toledo;87,00974217
CICLOCALLES;Calle de los Tintoreros;32,71258069
CICLOCALLES;Plaza del Comandante las Morenas;48,28976945
CICLOCALLES;Plaza de Puerta Cerrada;45,548311
CICLOCALLES;Calle de San Quint›n;30,82619251
CICLOCALLES;Calle del Roble;131,2777242
PEATONAL;Calle de Carlos III;82,95900361
CICLOCALLES;Calle de Lepanto;66,26474904
CICLOCALLES;Calle de las Fuentes;167,263513
CICLOCALLES;Calle de Ventura Rodr›guez;227,3726913
CICLOCALLES;Calle de Bernardo Læpez Garc›a;169,646384
CICLOCALLES;Traves›a del Conde Duque;208,6180683
CICLOCALLES;Calle de Calamocha;90,49374684
CICLOCALLES;Calle de Amaniel;501,9731174
CICLOCALLES;Calle de Luisa Fernanda;82,49338361
CICLOCALLES;Calle de Tutor;282,5614298
CICLOCALLES;Calle de Juan ?lvarez Mendizﬂbal;579,9827797
CICLOCALLES;Plaza de Cristino Martos;32,55537777
CICLOCALLES;Calle del Duque de Liria;208,1869352
CICLOCALLES;Calle de San Bernardino;270,0326324
CICLOCALLES;Calle de las Negras;64,43739103
CICLOCALLES;Paseo del Rey;302,0111088
CICLOCALLES;Calle de Evaristo San Miguel;360,39327
CICLOCALLES;Glorieta de San Vicente;193,6288371
CICLOCALLES;Calle de Mart›n de los Heros;157,723844
PEATONAL;Calle de Alberto Aguilera;152,9939723
PEATONAL;Calle de la Princesa;106,7219279
CICLOCALLES;Avenida de Portugal;49,2680799
CICLOCALLES;Calle de Saavedra Fajardo;280,7843909
CICLOCALLES;Plaza de Santo Domingo;62,5591464
CICLOCALLES;Calle de Jacometrezo;164,1571653
CICLOCALLES;Calle de Isabel la Catælica;210,5768212
CICLOCALLES;Calle de Fuencarral;982,4126062
CICLOCALLES;Calle del R›o;108,4816697
CICLOCALLES;Calle de la Bola;212,0886412
CICLOCALLES;Calle de Juan del Risco;393,2918704
PEATONAL;Calle de la Bola;44,55708779
CICLOCALLES;Plaza de Santo Domingo;73,08982293
CICLOCALLES;Calle de Guillermo Rolland;107,844542
CICLOCALLES;Calle del Reloj;173,3936536
CICLOCALLES;Calle de Leganitos;49,39585987
PEATONAL;Plaza de Espa±a;257,1618008
CICLOCALLES;Calle de Veneras;83,54779914
CICLOCALLES;Calle de la Palma;701,8264493
CICLOCALLES;Calle de los Embajadores;308,2335328
CICLOCALLES;Calle de Puerto Serrano;161,2995706
CICLOCALLES;Calle de la Vidauba;465,7523404
CICLOCALLES;Calle de Juan de Mariana;284,581628
PEATONAL;Parque de Enruque Tierno Galvﬂn;337,6374519
PEATONAL;Parque Lineal del Manzanares;465,7718885
CICLOCALLES;Calle del Cristo de la Vega;282,6609183
PEATONAL;Hospital Doce de Octubre;149,2966836
CICLOCALLES;Calle de Porta Coeli;270,7364157
CICLOCALLES;Calle de Dolores Barranco;612,1865382
CICLOCALLES;Calle de los Evangelios;81,84469525
PEATONAL;Manzanares;96,52512534
PEATONAL;Manzanares;81,42324295
PEATONAL;Manzanares;93,61981791
PEATONAL;Manzanares;232,9391585
PEATONAL;Calle del Maestro Arbos;35,82034908
CICLOCALLES;Calle del Pﬂrroco Eusebio Cuenca;624,2875812
CICLOCALLES;Calle de Bustamante;252,3365928
CICLOCALLES;Calle de Eros;499,4125117
CICLOCALLES;Calle de Meneses;393,282142
CICLOCALLES;Calle de Amaltea;415,496607
CICLOCALLES;Calle del Marqu⁄s de Cubas;206,4357355
PEATONAL;Calle de la Montera;348,0867626
CICLOCALLES;Calle de Alcﬂntara;752,4904501
CICLOCALLES;Calle de Fernﬂn Gonzﬂlez;1080,241085
CICLOCALLES;Calle de Bﬂrbara de Braganza;51,01536203
CICLOCALLES;Calle de Villanueva;816,2554491
CICLOCALLES;Calle de Palos de la Frontera;347,8488586
PEATONAL;Plaza de las Cortes;43,72070142
CICLOCALLES;Calle de Fernanflor;100,6253314
CICLOCALLES;Calle de Santa In⁄s;108,5836427
CICLOCALLES;Calle de Zorrilla;242,4357804
PEATONAL;Paseo de Santa Mar›a de la Cabeza;68,67302882
CICLOCALLES;Calle del Hospital;190,1163424
CICLOCALLES;Calle de Cervantes;354,1460223
CICLOCALLES;Calle del Marqu⁄s de Cubas;111,4683603
CICLOCALLES;Calle de Santa Isabel;561,1611626
CICLOCALLES;Calle de Argumosa;391,1371759
CICLOCALLES;Calle del Doctor Fourquet;297,6436884
CICLOCALLES;Calle de Fray Luis de Leæn;321,3282595
CICLOCALLES;Calle de Valencia;225,7918078
PEATONAL;;216,5465189
CICLOCALLES;Calle de V›ctor de la Serna;251,8798097
CICLOCALLES;Calle de Oruro;195,6532924
PEATONAL;Calle del Pr›ncipe de Vergara;109,6739444
CICLOCALLES;Calle de Anastasia Læpez;167,7597048
CICLOCALLES;Calle de Sinesio Delgado;150,0867838
CICLOCALLES;Calle del Arzobispo Morcillo;76,07520364
PEATONAL;Calle de Mauricio Legendre;634,3683691
PEATONAL;Calle de la Isla de Chipre;59,43392985
PEATONAL;Calle de Mauricio Legendre;683,6915907
CICLOCALLES;Calle de Mauricio Legendre;1264,077813
CICLOCALLES;Calle de Labastida;332,3352541
CICLOCALLES;Calle de la Divina Pastora;118,8234673
CICLOCALLES;Calle de Daniel Vﬂzquez D›az;195,0375267
CICLOCALLES;Avenida de Monforte de Lemos;159,5769425
CICLOCALLES;Calle de Manuel Tovar;413,9951488
CICLOCALLES;Calle de las Islas V›rgenes;72,90368829
CICLOCALLES;Calle de Francisco Sancha;26,17821145
CICLOCALLES;Calle de Luis Esteban;52,00129377
CICLOCALLES;Calle V›a L›mite;788,8459328
CICLOCALLES;Calle de Emilia;91,74002914
CICLOCALLES;Calle de San Benito;514,5089423
CICLOCALLES;Paseo de la Castellana;182,9543512
CICLOCALLES;Calle del Arroyo;248,435941
CICLOCALLES;Calle de San Aquilino;517,9479367
CICLOCALLES;Calle de San Benito;16,06841073
CICLOCALLES;Calle de San Benito;18,18622148
CICLOCALLES;Calle de las Magnolias;136,8577986
PEATONAL;Paseo de la Castellana;134,6469223
PEATONAL;Calle del Arzobispo Morcillo;153,442627
CICLOCALLES;Calle de Pe±a Santa;479,2251831
PEATONAL;Calle del Arzobispo Morcillo;182,1021473
CICLOCALLES;Calle de Pedro Rico;353,1806643
CICLOCALLES;Calle de Sebastiﬂn Elcano;203,8059671
PEATONAL;Calle de Sebastiﬂn Elcano;80,4853704
CICLOCALLES;Calle de Alonso del Barco;115,2736941
PEATONAL;Ronda de Valencia;76,51522657
PEATONAL;Plaza del ?ngel;171,2251242
PEATONAL;Calle de la Huertas;508,3430429
CICLOCALLES;Calle del Leæn;270,8459405
CICLOCALLES;Calle de San Agust›n;196,3779435
CICLOCALLES;Costanilla de las Trinitarias;54,43989945
PEATONAL;Calle del Arenal;476,5586305
PEATONAL;Plaza de Isabel II;53,21256904
PEATONAL;Calle de Vergara;51,19867663
PEATONAL;Plaza de la Puerta del Sol;20,37909886
PEATONAL;Plaza de la Puerta del Sol;21,6231905
PEATONAL;Plaza de la Puerta del Sol;28,32901589
CICLOCALLES;Costanilla de los Desamparados;213,5806266
PEATONAL;Calle de Atocha;30,25507818
PEATONAL;Plaza de las Cortes;82,57554279
PEATONAL;Calle de Santa Isabel;431,8755938
PEATONAL;Calle de Santa Isabel;15,2352882
CICLOCALLES;Calle de Felipe IV;139,9108282
CICLOCALLES;Calle del Duque de Medinaceli;135,073792
CICLOCALLES;Calle de Fucar;202,9219329
CICLOCALLES;Calle de Jes∑s;199,572243
PEATONAL;Calle de Atocha;72,0212915
CICLOCALLES;Calle del Prado;23,10327759
PEATONAL;Paseo del Prado;200,0220168
CICLOCALLES;Calle de Barcelæ;243,5826203
CICLOCALLES;Calle de las Infantas;497,8672861
CICLOCALLES;Calle de Garc›a de Paredes;861,6731559
CICLOCALLES;Calle del Clavel;150,3078346
CICLOCALLES;Plaza de Vﬂzquez de Mella;113,8913001
CICLOCALLES;Calle de la Virgen de los Peligros;160,1906476
CICLOCALLES;Calle de Valverde;250,4431244
CICLOCALLES;Calle de San Mateo;302,0810253
CICLOCALLES;Calle de la Puebla;196,5349665
PEATONAL;Calle de Fuencarral;424,3484908
CICLOCALLES;Calle de San Onofre;69,80650837
CICLOCALLES;Calle de la Corredera Baja de San Pablo;198,8875945
CICLOCALLES;Plaza de San Ildefonso;54,19378556
CICLOCALLES;Calle de Colæn;59,80582224
PEATONAL;Plaza de San Ildefonso;23,61342629
CICLOCALLES;Calle de San Joaqu›n;119,2547578
CICLOCALLES;Calle del Almirante;341,842251
CICLOCALLES;Calle de Columela;230,2217667
CICLOCALLES;Calle de Gravina;290,1125321
CICLOCALLES;Calle de Recoletos;292,9663471
CICLOCALLES;Calle de Francisco de Rojas;77,88762432
CICLOCALLES;Calle de Trafalgar;117,2263462
CICLOCALLES;Calle de Francisco de Rojas;83,95289387
CICLOCALLES;Calle de Trafalgar;118,7013761
CICLOCALLES;Calle de Barcelæ;206,6698209
CICLOCALLES;Calle de Alburquerque;19,8802245
CICLOCALLES;Calle del General Ampudia;344,3271064
CICLOCALLES;Calle del Rector Royo-Villanova;445,6735034
CICLOCALLES;Avenida del Doctor Federico Rubio y Gal›;36,36021888
CICLOCALLES;Calle del Camino de la Moreras;309,4952131
CICLOCALLES;Paseo de la Direcciæn;345,9562529
CICLOCALLES;Calle de Lorenzana;138,4620042
CICLOCALLES;Calle de San Restituto;261,2135162
PEATONAL;Calle de Sinesio Delgado;115,657365
CICLOCALLES;Calle de Valdeverdeja;119,9237817
CICLOCALLES;Calle de C⁄sar Manrique;154,3648201
CICLOCALLES;Calle de Antonio Machado;168,7235784
CICLOCALLES;Calle de Valderrodrigo;71,07857234
CICLOCALLES;Calle de Valdevarn⁄s;238,3467563
CICLOCALLES;Calle de Valdesangil;110,7421795
CICLOCALLES;Calle de Gascones;97,8499798
CICLOCALLES;Calle de Amadeo Gæmez;138,8386057
CICLOCALLES;Calle de la Senda del Infante;296,9478455
CICLOCALLES;Calle de Moralzarzal;300,8106002
CICLOCALLES;Calle de Monasterio de El Paular;535,0539032
CICLOCALLES;Calle de Alfredo Marquerie;447,4504843
CICLOCALLES;Calle de Moralzarzal;363,9981528
CICLOCALLES;Calle de Pe±a Sirio;184,7462895
CICLOCALLES;Calle de Lezama;288,5145698
CICLOCALLES;Calle de Labastida;161,7405769
CICLOCALLES;Calle de Antoniorrobles;58,99952886
CICLOCALLES;Calle de Llodio;65,94050031
CICLOCALLES;Calle de Salvatierra;284,2668447
CICLOCALLES;Calle de La Estrada;192,7343818
PEATONAL;Calle de Nuria;56,45487774
CICLOCALLES;Calle de Marbella;415,9353932
CICLOCALLES;Calle de La Maso;259,8765862
CICLOCALLES;Calle de La Maso;468,9040161
CICLOCALLES;Calle de La Maso;60,12362043
CICLOCALLES;Calle de la Costa Brava;245,0867151
CICLOCALLES;Calle de Ferm›n Caballero;70,6244093
CICLOCALLES;Calle de la Isla de Arosa;97,35161115
CICLOCALLES;Calle de Ferm›n Caballero;152,5348759
CICLOCALLES;Avenida de Betanzos;141,6976652
CICLOCALLES;Calle de Fuencarral;561,5636006
CICLOCALLES;Calle de Alburquerque;312,2304451
PEATONAL;;297,7697706
CICLOCALLES;Calle de Gonzalo de Cærdoba;190,9143521
CICLOCALLES;Calle de Barquillo;601,9000952
CICLOCALLES;Calle de Bel⁄n;144,274703
CICLOCALLES;Calle del Arquitecto Læpez Otero;939,1139247
CICLOCALLES;Calle de Mart›n Fierro;243,9060938
CICLOCALLES;Calle de Amado Nervo;300,6512932
CICLOCALLES;Calle de Cavanilles;114,4902125
CICLOCALLES;Calle de Francisco Vitoria;111,6700098
CICLOCALLES;Calle de Juan de Urbieta;309,966189
PEATONAL;Calle de Antonio D›az-Ca±abate;111,3282224
CICLOCALLES;Calle de P›o Baroja;421,725952
CICLOCALLES;Calle del Doce de Octubre;132,5711077
PEATONAL;Plaza del Doctor Laguna;50,52422835
CICLOCALLES;Calle de P›o Baroja;96,08173085
CICLOCALLES;Calle de Maldonado;738,74878
CICLOCALLES;Calle de Aguirre;87,68964251
CICLOCALLES;Calle de Claudio Coello;1035,138104
PEATONAL;Calle de Alcalﬂ;131,6751082
CICLOCALLES;Calle de Enrique Larreta;243,6083834
CICLOCALLES;Paseo de la Habana;60,3324442
CICLOCALLES;Calle de Enrique Larreta;238,9224813
PEATONAL;Parque de Rodr›guez Sahag∑n;79,60129979
PEATONAL;Parque de Rodr›guez Sahag∑n;357,101042
CICLOCALLES;Avenida de P›o XII;470,9754148
CICLOCALLES;Calle de Fulgencio de Miguel;61,68511491
CICLOCALLES;Calle de Manuel Luna;318,9790081
CICLOCALLES;Calle de Florencio Garc›a;133,0743324
CICLOCALLES;Calle de Doroteo Benache;158,9277901
PEATONAL;Avenida de la Ilustraciæn;395,9347231
CICLOCALLES;Calle de Marcelina;362,1813423
CICLOCALLES;Calle de Molina;437,2400733
CICLOCALLES;Calle de los Voluntarios Catalanes;519,4233231
CICLOCALLES;Calle de Nuria;548,8478633
CICLOCALLES;Calle de Mar›a de Guzmﬂn;757,5607054
CICLOCALLES;Calle del Conde del Serrallo;90,69865797
CICLOCALLES;Calle de La Maso;88,04620561
CICLOCALLES;Calle de Marbella;481,1610975
CICLOCALLES;Calle del Plﬂtano;283,1919046
CICLOCALLES;Calle de Navarra;248,3101781
CICLOCALLES;Calle de Oudrid;126,4700297
CICLOCALLES;Calle de Juan Pantoja;202,6305232
CICLOCALLES;Calle de Palencia;440,4025895
CICLOCALLES;Calle de Alcolea;101,6375003
CICLOCALLES;Calle del Ca±averal;506,687631
CICLOCALLES;Calle V›a L›mite;143,2981681
CICLOCALLES;Calle de Feijoo;198,2976351
CICLOCALLES;Calle de Cristæbal Bordi∑;787,2951625
CICLOCALLES;Calle de Ramiro II;135,5690318
CICLOCALLES;Calle de Goiri;114,615507
CICLOCALLES;Calle del Conde del Serrallo;108,9674797
CICLOCALLES;Calle de Le±eros;56,38288838
CICLOCALLES;Calle de Zamora;399,7801801
CICLOCALLES;Avenida Complutense;356,6011333
CICLOCALLES;Calle de Leonardo Prieto Castro;804,8827643
CICLOCALLES;Calle del Arquitecto Læpez Otero;973,1182468
CICLOCALLES;Calle de Mart›n Fierro;392,314754
CICLOCALLES;Avenida Complutense;326,1880851
CICLOCALLES;Calle de Juan del Rosal;216,3393448
CICLOCALLES;Calle del Profesor Jos⁄ Garc›a Santesmases;556,6759969
CICLOCALLES;Calle de Juan Montalvo;448,6472931
CICLOCALLES;Avenida del Valle;206,0115999
CICLOCALLES;Calle de Isaac Peral;124,1902667
CICLOCALLES;Calle de Beatriz de Bobadilla;404,0161542
PEATONAL;Avenida de la Reina Victoria;143,6085291
CICLOCALLES;Plaza de San Francisco;353,5968714
CICLOCALLES;Avenida del Doctor Federico Rubio y Gal›;258,0170858
CICLOCALLES;Calle del Topete;352,8597815
CICLOCALLES;Calle de Abel;162,4053274
CICLOCALLES;Avenida de Pablo Iglesias;141,5528903
CICLOCALLES;Calle de Aranjuez;58,77847293
CICLOCALLES;Avenida del Doctor Federico Rubio y Gal›;83,68261491
CICLOCALLES;Avenida de Pablo Iglesias;328,1006458
CICLOCALLES;Calle del Seminario de Nobles;107,8367725
CICLOCALLES;Calle de Antonia Dom›nguez;74,08700057
CICLOCALLES;Calle de Mar›a Pedraza;262,4054181
CICLOCALLES;Calle de Villaamil;144,2328627
CICLOCALLES;Calle de San Restituto;511,8337053
CICLOCALLES;Calle de la Encomienda de Palacios;142,5454687
CICLOCALLES;Calle de la Tacona;276,7108058
PEATONAL;Calle de Sinesio Delgado;175,9972047
CICLOCALLES;Calle de Joaqu›n Arjona;45,2381414
CICLOCALLES;Calle de Jerænima Llorente;106,2535512
PEATONAL;Paseo de la Direcciæn;383,755899
PEATONAL;Calle de Villaamil;141,4617404
CICLOCALLES;Calle de Villaamil;238,6426785
CICLOCALLES;Calle del Pintor Francisco Llorens;125,779355
CICLOCALLES;Calle del Mirador de la Reina;249,8596727
CICLOCALLES;Avenida del Ventisquero de la Condesa;352,6522893
CICLOCALLES;Calle del Valle de Pinares Llanos;315,1755382
CICLOCALLES;Calle de las Islas H⁄bridas;45,44092634
CICLOCALLES;Calle de Joaqu›n Lorenzo;293,1332235
CICLOCALLES;Calle de la Isla de los Galﬂpagos;156,338162
CICLOCALLES;Calle de las Islas Bahamas;58,76032557
CICLOCALLES;Calle de Mario Recuero;107,1541455
CICLOCALLES;Calle de la Isla de los Galﬂpagos;103,2613338
CICLOCALLES;Calle de Ferm›n Caballero;588,646415
PEATONAL;Avenida del Cardenal Herrera Oria;37,21513311
CICLOCALLES;Calle de ?ngel Dom›nguez;178,7977603
CICLOCALLES;Calle del Valle de Pinares Llanos;649,3045909
CICLOCALLES;Calle de la Senda del Infante;635,524032
PEATONAL;Calle de Sinesio Delgado;332,0033834
CICLOCALLES;Plaza de Manuel Becerra;160,7756482
CICLOCALLES;Calle de Ferm›n Caballero;195,2871986
CICLOCALLES;Calle de Santiago de Compostela;2640,512266
CICLOCALLES;Calle de Ferm›n Caballero;68,10432322
CICLOCALLES;Avenida de Betanzos;138,2543498
CICLOCALLES;Calle de la Costa Brava;414,9261408
CICLOCALLES;Calle del Cerro del Casta±ar;342,8589413
CICLOCALLES;Calle de Collado del Hornillo;248,1184187
CICLOCALLES;Calle del Mirador de la Reina;235,7761451
CICLOCALLES;Calle de la Portera del Cura;212,585845
CICLOCALLES;Calle del Valle de Pinares Llanos;203,3997975
CICLOCALLES;Calle de la Costa Brava;300,0770959
CICLOCALLES;Calle de Santiago Bernab⁄u;159,5754688
CICLOCALLES;Calle de Panamﬂ;110,1600594
CICLOCALLES;Calle de Gabriel Lobo;264,6227257
CICLOCALLES;Calle de San Juan de la Salle;151,7283467
CICLOCALLES;Calle de Ponzano;652,856059
CICLOCALLES;Calle de Carlos Maurras;77,51323173
CICLOCALLES;Calle de Carbonero y Sol;406,6045909
CICLOCALLES;Calle de Gæmez Ortega;54,72337733
CICLOCALLES;Calle del Guadiana;202,8750377
CICLOCALLES;Calle del Oria;306,4760181
CICLOCALLES;Calle de F⁄lix Boix;204,9499167
CICLOCALLES;Calle de Vitruvio;653,7451627
CICLOCALLES;Calle de Agust›n de Betancourt;128,4298044
CICLOCALLES;Calle de la Bas›lica;264,5194521
CICLOCALLES;Calle de Hernani;262,4222567
CICLOCALLES;Calle de Espronceda;550,9890867
CICLOCALLES;Calle de Viriato;380,0544301
PEATONAL;Paseo de la Castellana;123,1784103
CICLOCALLES;Calle de Cartagena;10,99382029
CICLOCALLES;Calle de Juan de la Hoz;24,93169677
CICLOCALLES;Plaza de San Juan de la Cruz;215,6205953
CICLOCALLES;Calle de Iriarte;144,8593424
PEATONAL;Paseo de la Castellana;109,8259447
PEATONAL;Calle de Lazcano;500,3933884
CICLOCALLES;Calle de Jorge Manrique;262,3208562
CICLOCALLES;Calle del General Margallo;91,40065206
CICLOCALLES;Paseo de la Habana;215,697069
CICLOCALLES;Paseo de la Habana;135,2173571
CICLOCALLES;Calle de la Infanta Mercedes;933,3353542
CICLOCALLES;Calle de Pinos Alta;33,25149144
CICLOCALLES;Calle de Veza;279,954673
CICLOCALLES;Calle del Capitﬂn Blanco Argibay;92,0732831
CICLOCALLES;Calle de la Infanta Mercedes;1374,413129
CICLOCALLES;Calle de Castilla;72,64817566
CICLOCALLES;Calle de M≥ller;414,726535
CICLOCALLES;Paseo de la Castellana;230,3465659
CICLOCALLES;Calle del Doctor Fleming;1034,873857
PEATONAL;Avenida de Concha Espina;137,1051412
CICLOCALLES;Calle de Francisco Gervas;335,5021262
CICLOCALLES;Calle de Rosario Pino;375,1298644
CICLOCALLES;Calle del Capitﬂn Haya;392,8012906
CICLOCALLES;Calle de Jos⁄ Castﬂn Tobe±as;104,3502266
PEATONAL;Paseo de la Castellana;125,995788
CICLOCALLES;Calle de Carlos Maurras;109,1937508
PEATONAL;Calle del Capitﬂn Haya;141,2141474
CICLOCALLES;Calle de Læpez de Hoyos;432,7251642
CICLOCALLES;Calle del Helecho;113,6555119
CICLOCALLES;Calle de Hermenegilda Mart›nez;100,2453786
CICLOCALLES;Calle de Læriga;144,5354867
CICLOCALLES;Calle de Recaredo;133,9936544
CICLOCALLES;Calle de Læpez de Hoyos;556,5714568
CICLOCALLES;Calle de Læpez de Hoyos;533,0713637
CICLOCALLES;Calle de Edison;127,4549361
CICLOCALLES;Calle de Edison;127,6147225
CICLOCALLES;Avenida del Doctor Arce;274,0465786
CICLOCALLES;Calle de Cartagena;546,6750803
CICLOCALLES;Calle de Læpez de Hoyos;435,8917814
CICLOCALLES;Calle de B⁄jar;90,35214077
CICLOCALLES;Avenida de Bruselas;726,6853831
CICLOCALLES;Calle de Luis Vives;207,2004582
CICLOCALLES;Calle de Malcampo;225,701614
CICLOCALLES;Avenida de Alfonso XIII;29,85365604
CICLOCALLES;Calle de Marcenado;745,1525769
CICLOCALLES;Calle de Puerto Rico;963,3170788
CICLOCALLES;Calle de Ros de Olano;92,39713985
CICLOCALLES;Calle del Padre Claret;750,4986903
PEATONAL;Calle del Pr›ncipe de Vergara;100,0130382
CICLOCALLES;Calle de Cartagena;114,1695802
CICLOCALLES;Avenida de Aster;304,678128
CICLOCALLES;Paseo de los Cerezos;402,1324973
CICLOCALLES;Calle de V›ctor Andr⁄s Bela∑nde;114,9038104
CICLOCALLES;Calle de Men⁄ndez Pidal;730,2318402
CICLOCALLES;Calle de Colombia;504,3190958
CICLOCALLES;Calle de Potos›;243,1710403
CICLOCALLES;Avenida del Doctor Arce;59,22759539
CICLOCALLES;Calle de Rodr›guez Mar›n;575,8711315
CICLOCALLES;Calle de V›ctor Andr⁄s Bela∑nde;512,7531247
PEATONAL;Paseo de la Habana;68,57736732
PEATONAL;Avenida de Alberto Alcocer;78,19436457
CICLOCALLES;Calle de Marbella;435,0462229
CICLOCALLES;Calle de Anastasia Læpez;245,6840696
CICLOCALLES;Calle de Antoniorrobles;46,78061041
CICLOCALLES;Calle de Alfredo Marquerie;187,8327816
CICLOCALLES;Calle de Sangenjo;420,1536738
CICLOCALLES;Calle de Narc›s Monturiol;120,566706
CICLOCALLES;Calle del Doctor Ramæn Castroviejo;841,9027809
CICLOCALLES;Paseo de la Vaguada;700,6133738
CICLOCALLES;Calle de Pedro Rico;550,6335103
PEATONAL;Calle de Colmenar Viejo;91,36956871
PEATONAL;Autov›a del Colmenar;202,4241069
CICLOCALLES;Calle de Francisco Sancha;208,8954314
CICLOCALLES;Calle de Sandalio Læpez;363,1203799
CICLOCALLES;Calle de la Virgen de Arﬂnzazu;473,3953443
PEATONAL;Calle de la Virgen de Arﬂnzazu;81,70104125
CICLOCALLES;Calle de Manuel Tovar;174,8506189
CICLOCALLES;Calle de las Islas Bermudas;71,28290097
CICLOCALLES;Calle de la Divina Pastora;198,3714182
CICLOCALLES;Calle de las Islas Bermudas;14,1491828
CICLOCALLES;Avenida de Burgos;372,6101334
CICLOCALLES;Calle de la Hiedra;273,4084612
CICLOCALLES;Avenida de P›o XII;220,5683231
CICLOCALLES;Calle de la Hiedra;658,700152
CICLOCALLES;Calle del Padre Francisco Palau y Quer;282,9827191
CICLOCALLES;Avenida de P›o XII;214,1637818
CICLOCALLES;Calle de Agust›n de Foxﬂ;131,6703776
CICLOCALLES;Calle de Mauricio Legendre;580,3653317
CICLOCALLES;Calle de San Benito;46,12322637
CICLOCALLES;Calle de Mauricio Legendre;408,0385994
CICLOCALLES;Calle del Padre Francisco Palau y Quer;274,2912912
CICLOCALLES;Calle de Antoniorrobles;149,658106
CICLOCALLES;Calle de Mauricio Legendre;90,17854848
CICLOCALLES;Calle de Mauricio Legendre;16,17681208
PEATONAL;Estaciæn de Chamart›n;135,6226311
PEATONAL;Avenida de P›o XII;320,5403246
PEATONAL;Avenida de P›o XII;72,89509065
PEATONAL;Calle de Yerma;268,7446608
CICLOCALLES;Paseo de la Castellana;164,6636724
CICLOCALLES;Calle de la Isla de Java;261,9794468
CICLOCALLES;Avenida del Llano Castellano;200,6656273
CICLOCALLES;Calle de Francisco Sancha;660,5259733
CICLOCALLES;Avenida del Llano Castellano;10,57955815
PEATONAL;Avenida del Llano Castellano;46,96055312
CICLOCALLES;Calle de Labastida;35,20175436
CICLOCALLES;Calle de la Isla Graciosa;186,0662007
CICLOCALLES;Calle de Manuel Villarta;187,5917675
CICLOCALLES;Calle de Monasterio de Poyo;366,7815906
PEATONAL;;65,0897464
PEATONAL;;226,0140399
PEATONAL;;577,5409664
CICLOCALLES;Calle de Albadalejo;767,9396216
CICLOCALLES;Calle de Albadalejo;799,640635
CICLOCALLES;Calle del Doctor Cirajas;103,8405398
CICLOCALLES;Calle del Buen Gobernador;251,3856459
CICLOCALLES;Calle de Ezequiel Solana;1105,313364
CICLOCALLES;Calle de la Virgen del Sagrario;542,8715141
CICLOCALLES;Calle de Toscana;483,2812553
CICLOCALLES;Avenida de Santa Eugenia;668,4675377
CICLOCALLES;Calle de Fuentespina;464,8548374
CICLOCALLES;Avenida de Santa Eugenia;656,3031049
CICLOCALLES;Calle de Cartagena;302,2176022
CICLOCALLES;Calle de Bolta±a;755,2241055
CICLOCALLES;Calle de Jos⁄ Arcones Gil;1109,437608
CICLOCALLES;Calle de Vital Aza;1000,51321
CICLOCALLES;Calle de Florencio Llorente;242,2642461
CICLOCALLES;Calle de Sambara;1478,352971
CICLOCALLES;Calle de Alcalﬂ;28,8336242
CICLOCALLES;Calle de Julia Garc›a Boutﬂn;756,424126
CICLOCALLES;Calle de Aquitania;97,44251768
CICLOCALLES;Calle de Suecia;1900,573648
CICLOCALLES;Calle de Julia Garc›a Boutﬂn;778,5974889
CICLOCALLES;Calle de la Epifania;54,86183624
CICLOCALLES;Calle de Santa Leonor;522,8330774
CICLOCALLES;Calle de Alfonso Gæmez;872,1313342
CICLOCALLES;Calle de Campeche;150,7163785
CICLOCALLES;Calle del Canal del Bæsforo;568,3332889
CICLOCALLES;Calle de Juliﬂn Camarillo;1828,193591
CICLOCALLES;Calle de Achuri;295,0377812
CICLOCALLES;Calle de Ezequiel Solana;17,06752146
CICLOCALLES;Calle de Francisco Rioja;362,1790493
CICLOCALLES;Calle de Guill⁄n de Castro;227,5492058
CICLOCALLES;Calle de Braulio Guti⁄rrez;408,8179596
CICLOCALLES;Calle de Emilio Mu±oz;452,7743904
CICLOCALLES;Calle de Luis Ruiz;54,06449251
CICLOCALLES;Avenida de Pe±a Prieta;683,4212072
CICLOCALLES;Calle de Agust›n de Betancourt;141,4545844
CICLOCALLES;Calle del Monasterio de Leyre;91,89705202
CICLOCALLES;Calle del Ca±averal;317,3115495
CICLOCALLES;Calle de O±ate;202,6534172
CICLOCALLES;Calle del Conde del Serrallo;118,4808528
CICLOCALLES;Calle de San Aquilino;163,5843393
CICLOCALLES;Calle de San Aquilino;169,1920269
CICLOCALLES;Calle de Luis Esteban;77,43883505
CICLOCALLES;Calle de las Magnolias;164,7389476
CICLOCALLES;Calle V›a L›mite;798,0911963
CICLOCALLES;Avenida de Asturias;109,0163527
CICLOCALLES;Calle del Padre Francisco Palau y Quer;175,7650115
CICLOCALLES;Calle de Santa Hortensia;119,9802931
CICLOCALLES;Calle de Torrelaguna;110,90359
CICLOCALLES;Calle de Albelda;86,97469046
CICLOCALLES;Plaza de Valvanera;45,86638141
CICLOCALLES;Calle del Castillo de Simancas;72,60176568
CICLOCALLES;Calle de Zald›var;190,5489839
CICLOCALLES;Calle de Zald›var;196,2950023
CICLOCALLES;Calle del Castillo de Simancas;46,66551494
CICLOCALLES;Calle de Cartago;154,2368821
CICLOCALLES;Calle de Nuestra Se±ora de la Blanca;173,5879681
CICLOCALLES;Calle de Nuestra Se±ora de la Blanca;181,8111165
CICLOCALLES;Calle de San Narciso;83,84615653
CICLOCALLES;Calle de San Faustino;132,7382773
CICLOCALLES;Calle de Jos⁄ del Hierro;51,24595507
CICLOCALLES;Calle del Lago Salado;142,0127077
CICLOCALLES;Calle de Juan de Urbieta;70,94285089
CICLOCALLES;Calle de Antonio Bienvenida;247,5685132
CICLOCALLES;Calle de Juan de Urbieta;159,8284994
CICLOCALLES;Calle de Titulcia;261,7170526
CICLOCALLES;Calle de Antonio D›az-Ca±abate;92,81485553
CICLOCALLES;Calle de ?ngel Ganivet;208,1226014
CICLOCALLES;Calle de Saliente;140,9534972
CICLOCALLES;Calle de Antonio Casero;259,9072064
CICLOCALLES;Calle de Antonio Casero;81,51185197
PEATONAL;Calle de Arias Montano;74,19647427
CICLOCALLES;Calle de la Estrella Polar;408,9874489
PEATONAL;Paseo del Marqu⁄s de Zafra;62,20000477
CICLOCALLES;Calle del Doctor Gæmez Ulla;272,0616358
CICLOCALLES;Calle de Roma;257,8518219
PEATONAL;Calle de Alcalﬂ;60,91046424
PEATONAL;Avenida de los Toreros;270,8292775
PEATONAL;Plaza de Manuel Becerra;95,34305359
PEATONAL;Calle de Alcalﬂ;31,75947148
PEATONAL;Parque Fuente del Berro;324,2392789
PEATONAL;Avenida de la Paz;256,3144164
CICLOCALLES;Calle de Ricardo Ortiz;137,9822257
PEATONAL;Avenida de la Paz;279,7352202
PEATONAL;Plaza de Am⁄rica Espa±ola;149,8167569
CICLOCALLES;Calle de Servando Batanero;448,3714086
CICLOCALLES;Calle de la Virgen de la Alegr›a;208,6706067
CICLOCALLES;Calle de la Marroquina;917,7533883
PEATONAL;Avenida de Moratalaz;209,965699
PEATONAL;Avenida del Doctor Garc›a Tapia;99,9772386
CICLOCALLES;Calle de Ledesma;65,60232008
CICLOCALLES;Calle de Ezequiel Solana;45,90490102
CICLOCALLES;Calle de Santurce;465,5286573
CICLOCALLES;Calle de San Lamberto;325,7479501
CICLOCALLES;Calle de Santa Genoveva;648,8291965
CICLOCALLES;Calle de Santa Irene;272,4466344
CICLOCALLES;Calle de San Lamberto;314,1920547
CICLOCALLES;Calle de Santa Genoveva;650,5159246
CICLOCALLES;Calle de Santa Irene;255,0741354
CICLOCALLES;Calle de Sor Mar›a de ?greda;301,4702924
CICLOCALLES;Calle de Ezequiel Solana;728,1304279
CICLOCALLES;Calle del Lago Constanza;159,5540662
CICLOCALLES;Calle de Arriaga;605,6669549
CICLOCALLES;Calle del Lago Constanza;62,69963805
CICLOCALLES;Calle de San Gumersindo;307,7220446
PEATONAL;Calle de Ricardo Sep∑lveda;42,19407555
CICLOCALLES;Calle de Mateo Garc›a;346,897165
CICLOCALLES;Calle de Astorga;133,9673486
CICLOCALLES;Calle de Jos⁄ Mar›a Pereda;276,2829271
CICLOCALLES;Calle de Ricardo Sep∑lveda;100,157446
PEATONAL;;292,497879
CICLOCALLES;Calle de Ledesma;286,1749565
CICLOCALLES;Calle de Carolina Coronado;116,9844472
CICLOCALLES;Paseo de Federico Garc›a Lorca;326,9672065
PEATONAL;Calle de la Fuente Carrantona;90,25994894
CICLOCALLES;Calle de la Hacienda de Pavones;160,2690289
CICLOCALLES;Avenida de Santa Eugenia;165,4753827
CICLOCALLES;Avenida de Santa Eugenia;140,3832574
CICLOCALLES;;131,8917287
PEATONAL;Avenida de Arcentales;232,4034219
PEATONAL;Avenida de Arcentales;173,6315785
CICLOCALLES;Calle de Malmoe;471,715718
CICLOCALLES;Calle de Capri;453,0976635
CICLOCALLES;Calle de San Romﬂn del Valle;172,2738091
CICLOCALLES;Calle de Malmoe;439,8893021
CICLOCALLES;Calle de Fobos;331,5586295
CICLOCALLES;Calle de Oberæn;412,3743735
CICLOCALLES;Calle de Fobos;329,8112729
CICLOCALLES;Calle de Oberæn;409,7033882
PEATONAL;Calle de Molina de Segura;171,2550751
CICLOCALLES;Calle de Luis de Hoyos Sﬂinz;202,3352454
CICLOCALLES;Calle de Luis de Hoyos Sﬂinz;210,912488
PEATONAL;Calle de Jos⁄ Bergam›n;95,37000036
PEATONAL;Calle de Jos⁄ Bergam›n;13,63263136
PEATONAL;Calle de Malmoe;60,52707287
PEATONAL;Calle de Malmoe;15,79533946
CICLOCALLES;Calle de Luis Ruiz;625,1404258
CICLOCALLES;Calle de Villaescusa;995,3571066
CICLOCALLES;Calle de Betancunia;146,8771622
PEATONAL;Avenida de Daroca;19,50708339
PEATONAL;Calle del Fresno;97,87982304
PEATONAL;Calle de Gandhi;15,06712869
CICLOCALLES;Calle de Gandhi;38,67895289
CICLOCALLES;Calle de Luis del Campo;205,6400444
CICLOCALLES;Calle de Luis Ruiz;15,62180144
CICLOCALLES;Calle del R›o Nerviæn;161,3290678
CICLOCALLES;Calle de Gandhi;109,9258093
CICLOCALLES;Calle de Esteban Collantes;131,7991671
PEATONAL;Calle de Esteban Collantes;76,94691096
PEATONAL;Calle de los Hermanos Garc›a Noblejas;157,322281
CICLOCALLES;Calle de Yecla;148,764625
CICLOCALLES;Calle de Zabalza;170,7304191
CICLOCALLES;Calle de Valdecanillas;901,7879139
CICLOCALLES;Calle de Emilio Mu±oz;62,90972799
CICLOCALLES;Calle de Arcos de Jalæn;909,9395675
CICLOCALLES;Calle de Arcos de Jalæn;1100,723843
CICLOCALLES;Calle de Amposta;991,2568159
CICLOCALLES;Calle de Amposta;981,0095099
CICLOCALLES;Calle de la Rep∑blica Eslovaca;446,5444143
CICLOCALLES;Calle de los Aparejadores;234,5693656
CICLOCALLES;Calle de Julio Chellini;180,7105387
PEATONAL;Avenida de Arcentales;136,9201004
PEATONAL;Avenida de Canillejas a Vicﬂlvaro;110,2435681
CICLOCALLES;Calle de la Mamposter›a;205,597411
CICLOCALLES;Avenida de Canillejas a Vicﬂlvaro;80,02834708
CICLOCALLES;Avenida de Guadalajara;1018,579027
CICLOCALLES;Avenida de Niza;1038,105459
CICLOCALLES;Calle de Moreruela;288,7348544
CICLOCALLES;Avenida de los Madro±os;2027,011488
CICLOCALLES;Avenida del Papa Negro;585,9954032
CICLOCALLES;Avenida de Corendelet;1131,217975
CICLOCALLES;Avenida de Corendelet;1141,399843
CICLOCALLES;Avenida de los Madro±os;1994,946038
CICLOCALLES;Avenida del Papa Negro;575,309807
CICLOCALLES;Calle de Ram›rez de Arellano;224,6852154
CICLOCALLES;Calle de Torrecilla del Puerto;281,235345
PEATONAL;Avenida de la Gran V›a de Hortaleza;790,8526262
CICLOCALLES;Calle de Arturo Soria;425,9495454
CICLOCALLES;Calle de Arturo Soria;313,658905
CICLOCALLES;Calle de Albarrac›n;204,4370435
CICLOCALLES;Calle del General Aranaz;1632,522849
CICLOCALLES;Calle de la Marquesa de Torrecilla;168,0490639
CICLOCALLES;Calle de Protasio Gæmez;232,6346732
CICLOCALLES;Calle de El Algabe±o;1469,680423
CICLOCALLES;Calle de Asura;1302,583407
CICLOCALLES;Calle de Mesena;1625,214412
CICLOCALLES;Calle de Mesena;1134,998129
CICLOCALLES;Calle de A±astro;663,8555183
CICLOCALLES;Calle de Gregorio Sﬂnchez Herrﬂez;773,4891313
CICLOCALLES;Camino Viejo de Burgos;821,5020062
CICLOCALLES;Calle de Asura;9,826191353
CICLOCALLES;Calle de Diego Ayllæn;224,6762197
CICLOCALLES;Calle del Duque de Tamames;224,0021428
CICLOCALLES;Calle de Juliﬂn Hernﬂndez;229,7435299
CICLOCALLES;Calle de Rafael Bergam›n;363,9907308
CICLOCALLES;Calle de Sorzano;497,6375867
CICLOCALLES;Calle del Carril del Conde;608,885913
PEATONAL;Calle del Padre Claret;115,5656221
CICLOCALLES;Calle de Asura;86,05712955
CICLOCALLES;Calle del General Aranaz;76,8999033
CICLOCALLES;Calle de la Virgen del Portillo;998,6258886
PEATONAL;Calle del Padre Claret;245,2599221
CICLOCALLES;Calle de Cidamæn;222,5103539
CICLOCALLES;Calle de Lorenzo Solano Tendero;227,1733472
CICLOCALLES;Calle de Manuel del Valle;226,5758655
CICLOCALLES;Calle de Asura;43,20598771
CICLOCALLES;Calle de Asura;469,0485227
CICLOCALLES;Avenida de Corendelet;97,32495056
CICLOCALLES;Calle del General Aranaz;77,14584875
CICLOCALLES;Avenida de los Madro±os;41,86493768
CICLOCALLES;Calle de Agastia;318,546947
CICLOCALLES;Pasaje de Do±a Carlota;144,8591402
CICLOCALLES;Calle de Santa Hortensia;550,3557585
CICLOCALLES;Avenida de Bruselas;782,7451539
CICLOCALLES;Calle de Brescia;77,12309914
PEATONAL;Avenida de Am⁄rica;213,8031292
PEATONAL;Avenida de la Paz;171,4965825
CICLOCALLES;Calle de Brescia;319,3314295
PEATONAL;Calle de Francisco Santos;62,93113677
CICLOCALLES;Calle de Santa Hortensia;327,5526949
PEATONAL;Calle de Valdov›n;125,592596
CICLOCALLES;Calle de Dolores;56,77731113
CICLOCALLES;Calle del Padre Claret;383,3115304
CICLOCALLES;Calle de Gustavo Fernﬂndez Balbuena;130,5505503
CICLOCALLES;Calle de Sﬂnchez Pacheco;547,5994487
PEATONAL;Avenida de la Paz;320,2459675
PEATONAL;Calle de Mart›nez Izquierdo;109,7463919
CICLOCALLES;Calle de Rafael Bergam›n;414,4001342
CICLOCALLES;Calle de Ram›rez de Arellano;502,6198977
CICLOCALLES;Calle de Rafael Bergam›n;429,537556
CICLOCALLES;Calle de Ram›rez de Arellano;247,0795979
PEATONAL;Manzanares;55,52439417
PEATONAL;Manzanares;74,6171728
PEATONAL;Manzanares;38,43643357
CICLOCALLES;Calle de Manuel Uribe;218,695985
CICLOCALLES;Calle del Pintor Ribera;529,9595588
PEATONAL;Calle del Pintor Ribera;30,60183705
CICLOCALLES;Calle de Federico Salmæn;427,9674365
CICLOCALLES;Calle de la Drﬂcena;222,715172
CICLOCALLES;Calle de Santa Mar›a Magdalena;241,2944404
CICLOCALLES;Calle del General Aranaz;222,8395281
CICLOCALLES;Calle de Fernﬂndez Caro;17,23979728
CICLOCALLES;Calle de los Misterios;737,3421197
PEATONAL;Calle del General Aranaz;63,48153267
CICLOCALLES;Calle de Florencio Garc›a;332,0578041
CICLOCALLES;Calle de Boldano;186,7501834
PEATONAL;Calle de Alcalﬂ;124,3350457
CICLOCALLES;Calle de ?ngel Larra;405,9741551
CICLOCALLES;Calle de Vﬂzquez de Mella;421,5972261
CICLOCALLES;Calle de la Virgen de Lluc;1349,846096
PEATONAL;Calle del General Aranaz;252,5552487
CICLOCALLES;Calle de Fernﬂndez Caro;159,9183411
PEATONAL;Calle de Fernﬂndez Caro;62,65428418
CICLOCALLES;Calle de Fernﬂndez Caro;179,7007447
CICLOCALLES;Calle de Fernﬂndez Caro;203,5119069
CICLOCALLES;Calle del Estrecho de Corea;282,9539345
CICLOCALLES;Calle de Fernﬂndez Caro;386,9451058
CICLOCALLES;Calle del Carril del Conde;292,122064
CICLOCALLES;Calle de Puerto de Santa Mar›a;523,5268121
CICLOCALLES;Calle de Calanda;466,2265558
CICLOCALLES;Calle de Canillas;1005,132653
CICLOCALLES;Calle de Montalbos;485,1033363
PEATONAL;Calle de Puerto de Santa Mar›a;1317,796531
CICLOCALLES;Calle de Melisa;86,58942649
CICLOCALLES;Calle de Nuestra Se±ora de la Luz;441,0028102
CICLOCALLES;Calle de Ricardo San Juan;340,3345251
CICLOCALLES;Calle de Ricardo San Juan;322,476022
CICLOCALLES;;131,6748448
CICLOCALLES;Calle de Utrillas;315,4325082
CICLOCALLES;Avenida de la Virgen del Carmen;807,2304188
CICLOCALLES;Carretera de Acceso a la Estaciæn de Hortaleza;733,7261644
CICLOCALLES;Carretera de Acceso a la Estaciæn de Hortaleza;731,0233703
PEATONAL;Avenida de San Luis;313,1014274
CICLOCALLES;Calle de Toscana;109,5613922
CICLOCALLES;Calle de Toscana;122,6384211
CICLOCALLES;Calle de A±astro;675,6148013
CICLOCALLES;Carretera de Acceso a la Estaciæn de Hortaleza;185,0777776
CICLOCALLES;Calle de A±astro;44,14398371
CICLOCALLES;Calle de A±astro;45,17353622
CICLOCALLES;Avenida de la Gran V›a de Hortaleza;440,2929322
CICLOCALLES;Avenida de la Gran V›a de Hortaleza;448,7385042
PEATONAL;Avenida de San Luis;451,2060989
CICLOCALLES;Carretera de Acceso a la Estaciæn de Hortaleza;182,696745
CICLOCALLES;Carretera de Acceso a la Estaciæn de Hortaleza;103,5456205
CICLOCALLES;Calle del Mar de las Antillas;87,74723304
CICLOCALLES;Avenida de la Virgen del Carmen;823,5830765
CICLOCALLES;Calle de Simæn Bol›var;152,0357057
PEATONAL;Carretera de Acceso a la Estaciæn de Hortaleza;244,3881175
CICLOCALLES;;131,974958
CICLOCALLES;Calle del Mar de Aral;356,2836325
CICLOCALLES;Calle de Calasparra;196,0402087
PEATONAL;Parque Pinar de Barajas;245,523691
PEATONAL;Calle de Guadalajara;194,5255385
CICLOCALLES;Avenida del Arroyo del Santo;436,4890728
CICLOCALLES;Avenida del Arroyo del Santo;431,4599817
CICLOCALLES;Calle de Albasanz;1041,390086
CICLOCALLES;Calle del Vizconde de Uzqueta;169,358526
CICLOCALLES;Calle de Iquitos;370,2879162
CICLOCALLES;Calle de Alegr›a de Oria;432,6272978
CICLOCALLES;Calle de Ar⁄valo Lara;595,3273157
CICLOCALLES;Calle de Benamargosa;477,8733391
CICLOCALLES;Calle de Santa Leonor;340,4790702
CICLOCALLES;Calle de Riobamba;137,6110572
PEATONAL;Calle de Alcalﬂ;53,82446502
PEATONAL;Calle de Juan Ignacio Luca de Tena;125,6501857
CICLOCALLES;Calle de Dionisio Inca Yupanqui;695,2712427
PEATONAL;Avenida de Machu Picchu;25,77486465
PEATONAL;Avenida de Machu Picchu;197,5592777
CICLOCALLES;Avenida de Machu Picchu;87,54063256
CICLOCALLES;Avenida de Machu Picchu;86,63240863
PEATONAL;Avenida de Machu Picchu;31,13017161
CICLOCALLES;Calle de Diana;330,7387876
CICLOCALLES;Calle de Nicolasa Gæmez;420,4397772
CICLOCALLES;Calle de Nicolasa Gæmez;421,1514657
CICLOCALLES;Calle de Inocenta de Mesa;282,5324686
CICLOCALLES;Calle del N⁄ctar;614,7596638
CICLOCALLES;;131,5056321
CICLOCALLES;;131,7165306
PEATONAL;Calle de Guadalajara;226,5515599
CICLOCALLES;Calle de la Esfinge;416,4495563
CICLOCALLES;Calle de la Esfinge;416,9655934
CICLOCALLES;Calle de San Venancio;259,7861298
PEATONAL;Plaza de Mora de Rubielos;74,30662786
CICLOCALLES;Calle de Barbastro;113,2272687
CICLOCALLES;Calle de la Esfinge;67,99719
CICLOCALLES;Calle de Fraga;84,88563165
CICLOCALLES;Calle de la Raza;297,0993065
CICLOCALLES;Plaza de Cupido;37,28580706
CICLOCALLES;Calle de la Esfinge;64,40259352
CICLOCALLES;Calle del Conde de las Posadas;325,5833878
CICLOCALLES;Calle de Luis de la Mata;287,6622225
CICLOCALLES;;131,9749753
CICLOCALLES;Calle de Moreruela;94,98222254
PEATONAL;;113,7988519
PEATONAL;;114,4537325
PEATONAL;Avenida de la Paz;15,99770181
CICLOCALLES;Calle de Guadalajara;553,6662606
CICLOCALLES;Calle de Guare±a;547,7653585
CICLOCALLES;Calle de la Vidauba;138,4976548
CICLOCALLES;Calle de la Duquesa de Parcent;170,8288656
CICLOCALLES;Calle de Gando;198,8919651
CICLOCALLES;Calle del General Millﬂn Astray;43,13092665
CICLOCALLES;Calle de El Rompedizo;252,4036223
CICLOCALLES;Calle de la Virgen del Camino;253,7228367
CICLOCALLES;Calle del General Saliquet;684,6888039
CICLOCALLES;Ronda del Tren;652,3728932
CICLOCALLES;Calle de las Rosas de Aravaca;552,5312922
CICLOCALLES;Ronda del Tren;645,3914642
CICLOCALLES;Calle de las Rosas de Aravaca;558,0213624
CICLOCALLES;Calle de Antonio de Cabezæn;1684,149366
CICLOCALLES;Avenida de Burgos;288,600786
CICLOCALLES;Calle del Bamb∑;550,9213657
CICLOCALLES;Avenida de San Luis;1223,445587
CICLOCALLES;Calle de Jos⁄ Bardasano Baos;290,1359291
CICLOCALLES;Avenida de Burgos;472,3508955
CICLOCALLES;Plaza del Duque de Pastrana;55,07494893
CICLOCALLES;Calle de Andorra;110,1255023
CICLOCALLES;Calle de Nﬂpoles;573,679291
CICLOCALLES;Calle de Montesa;62,0536889
CICLOCALLES;Calle de Julio Rey Pastor;183,1925634
CICLOCALLES;Plaza de los Reyes Magos;191,1418723
CICLOCALLES;Calle de Cavanilles;284,1822345
CICLOCALLES;Calle de Garibay;250,5956403
CICLOCALLES;Calle de Abtao;188,4110837
PEATONAL;Avenida de la Paz;263,9012432
CICLOCALLES;Calle de Juan Bravo;102,1700129
CICLOCALLES;Calle de Cuart de Poblet;751,8234786
CICLOCALLES;Parque Cu±a Verde de Latina;248,4141202
CICLOCALLES;Calle de Ricardo Bellver;46,02359344
CICLOCALLES;Calle de la Condesa de Teba;317,1434558
CICLOCALLES;Camino de las Cruces;109,3358788
CICLOCALLES;Camino de las Cruces;223,0286184
CICLOCALLES;Calle de Belzunegui;403,6999249
CICLOCALLES;Plaza de la Parroquia;64,02546806
CICLOCALLES;Calle de Monse±or Oscar Romero;227,0490014
CICLOCALLES;Calle de Jes∑s Castellanos;69,1194627
CICLOCALLES;Paseo de Mu±oz Grandes;43,23258571
CICLOCALLES;Calle de Castrojeriz;305,2892015
CICLOCALLES;Paseo de Mu±oz Grandes;51,12363885
CICLOCALLES;Calle de Ramæn Sﬂinz;144,0954286
CICLOCALLES;Calle de Jabiru;151,1935226
CICLOCALLES;Calle de Argensola;273,9159049
CICLOCALLES;Calle del Conde Duque;153,9788138
CICLOCALLES;Calle de Pe±a Ambote;345,3050624
CICLOCALLES;Avenida de Santa Eugenia;720,2475634
CICLOCALLES;Avenida de Santa Eugenia;757,7202087
CICLOCALLES;Calle de Fuentespina;484,2735585
CICLOCALLES;Calle de Sierra Elvira;377,0709127
CICLOCALLES;Calle de la Concordia;29,20446747
CICLOCALLES;Calle del Monte Olivetti;368,9479921
CICLOCALLES;Calle de Alfonso XIII;230,8991609
CICLOCALLES;Calle de Santa Marta;239,2240071
CICLOCALLES;Calle de Pico Moncayo;142,6560911
CICLOCALLES;Calle del Discæbolo;73,80548221
CICLOCALLES;Calle de Guti⁄rrez Canales;310,6308017
CICLOCALLES;Calle de Torre Arias;195,2375904
CICLOCALLES;Calle de Valderrobres;207,2854918
CICLOCALLES;Calle de Villaescusa;655,3581284
CICLOCALLES;Calle de Villasilos;320,6150794
CICLOCALLES;Calle de Pobladura del Valle;87,92570638
CICLOCALLES;Calle de Alberique;623,2561553
CICLOCALLES;Calle de Alberique;240,6536983
CICLOCALLES;Calle de Albaida;761,0147136
CICLOCALLES;Calle de Julio Chellini;411,0626938
CICLOCALLES;Calle de Alberique;380,4928719
CICLOCALLES;Calle de Julio Chellini;478,1415101
CICLOCALLES;Calle de Albaida;715,8888096
CICLOCALLES;Calle de los Aparejadores;43,47281968
CICLOCALLES;Calle de Julio Chellini;137,6481633
CICLOCALLES;Calle de Gregorio Læpez Madera;369,7038942
CICLOCALLES;Calle de Gregorio Læpez Madera;371,1949538
CICLOCALLES;Calle de los Aparejadores;88,89822031
CICLOCALLES;Calle de los Pintores;106,7181423
CICLOCALLES;Calle de los Delineantes;188,5753041
CICLOCALLES;Calle de Miami;733,426216
CICLOCALLES;;131,5465937
CICLOCALLES;Calle de los Hermanos Garc›a Noblejas;49,60549896
CICLOCALLES;Calle de Orense;144,4322438
CICLOCALLES;Calle de Carlos Rubio;97,06491596
CICLOCALLES;Calle de Almansa;388,3071095
CICLOCALLES;Calle de San Raimundo;20,31857158
CICLOCALLES;Calle del Pez Austral;357,6787324
CICLOCALLES;Calle de la Estrella Polar;268,643981
CICLOCALLES;Calle de Juan Esplandiu;247,9284657
CICLOCALLES;Calle de Juan Esplandiu;87,93822105
CICLOCALLES;Calle de Ambræs;302,2545275
CICLOCALLES;Calle de Palas de Rey;1502,194685
CICLOCALLES;Calle de Bocﬂngel;166,4587087
CICLOCALLES;Calle de Ramæn de Aguinaga;91,15036605
CICLOCALLES;Paseo del Marqu⁄s de Zafra;44,52693429
CICLOCALLES;Calle de las Islas Jarvi;218,9125347
CICLOCALLES;Calle de la Isla de Java;209,8035869
CICLOCALLES;Calle de Nuestra Se±ora de Valverde;54,45434457
CICLOCALLES;Calle de las Islas Bermudas;241,7031039
CICLOCALLES;Calle de Aurelio Gonzﬂlez de Gregorio;43,49089209
CICLOCALLES;Callejæn de Dæmine;152,3905558
CICLOCALLES;Calle de la Isla de Mindanao;62,9935751
CICLOCALLES;Calle de las Peon›as;420,07819
CICLOCALLES;Calle de las Peon›as;436,5733405
CICLOCALLES;Calle de Enrique de Prada;256,8698598
CICLOCALLES;Calle de Hilario Pe±asco;76,8234181
CICLOCALLES;Calle de Guadalajara;257,0251314
CICLOCALLES;Calle de Jos⁄ Mar›a Fernﬂndez Lanseros;138,1456819
CICLOCALLES;Calle de Raquel M⁄ller;136,5191707
CICLOCALLES;Calle del Apæstol Santiago;66,31786443
CICLOCALLES;Avenida de Daroca;180,5109259
CICLOCALLES;Avenida de Daroca;132,2361494
CICLOCALLES;Calle de Portugalete;152,1066233
CICLOCALLES;Calle de Tirajana;103,0700029
CICLOCALLES;Calle de Valleguerra;143,8087196
CICLOCALLES;Calle de Alcalﬂ;84,09482858
CICLOCALLES;Calle de Cipriano Sancho;119,7208085
CICLOCALLES;Calle de Alcalﬂ;31,86397474
CICLOCALLES;Calle de Benidorm;235,8559637
PEATONAL;Calle de los Hermanos Gæmez;30,13998085
CICLOCALLES;Calle de Pablo Lafargue;213,1753892
CICLOCALLES;Calle de Mar›a Teresa Sﬂenz de Heredia;100,5373654
CICLOCALLES;Calle de Santa Genoveva;79,99688224
CICLOCALLES;Calle de Balbina Valverde;149,9417638
CICLOCALLES;Calle del Nerviæn;194,9100421
CICLOCALLES;Calle del Tambre;416,9677952
CICLOCALLES;Calle del Darro;35,00415107
CICLOCALLES;Calle de Francisco de As›s M⁄ndez Casariego;193,9716631
CICLOCALLES;Calle de San Julio;161,2639735
CICLOCALLES;Calle de Durango;152,2630956
CICLOCALLES;Calle de Gallarza;99,26090392
CICLOCALLES;Calle de Las Caleras;243,7618046
CICLOCALLES;Calle de Mar›a Francisca;85,39626924
CICLOCALLES;Calle de Cartagena;140,2727151
CICLOCALLES;Calle de Gustavo Fernﬂndez Balbuena;173,2433375
CICLOCALLES;Calle del Sauce;168,0312368
CICLOCALLES;Calle de ?ngel Hernﬂndez;69,07607996
CICLOCALLES;Calle de Mart›n Machio;43,9572771
CICLOCALLES;Calle de Torpedero Tucumﬂn;335,6568669
CICLOCALLES;Calle de Romero Giræn;427,2887811
CICLOCALLES;Calle de Juan Ramæn Jim⁄nez;51,80850385
PEATONAL;Calle de A±astro;19,5637302
PEATONAL;Avenida de la Gran V›a de Hortaleza;96,51354389
CICLOCALLES;Calle de Alcorisa;336,3395596
CICLOCALLES;Avenida de Machu Picchu;192,4898626
CICLOCALLES;Avenida de Machu Picchu;67,71511755
CICLOCALLES;Calle de Ramæn Power;981,0212288
CICLOCALLES;Calle de la Villa de Pons;127,5296415
CICLOCALLES;Calle de Est›baliz;18,08147503
CICLOCALLES;Calle de ?ngel Luis de la Herrﬂn;192,2412458
CICLOCALLES;;198,7705764
CICLOCALLES;Calle de Jos⁄ Mar›a Morelos;106,6915424
CICLOCALLES;Calle de Læpez de Hoyos;56,58382868
CICLOCALLES;Calle de Andr⁄s Obispo;242,7611549
CICLOCALLES;Calle Manzanar;122,9854368
CICLOCALLES;Calle de la Villa de Churriana;266,7782308
CICLOCALLES;Plaza de Manuel Rodrigo;120,1099449
CICLOCALLES;Paseo de los Melancælicos;279,7718947
CICLOCALLES;Calle de Bercial;90,96807779
CICLOCALLES;Paseo de los Melancælicos;81,8744748
CICLOCALLES;Paseo de los Olmos;160,3882666
CICLOCALLES;Calle del Concejal Benito Mart›n Lozano;278,2163375
CICLOCALLES;Calle de Las Cigarreras;131,0214229
CICLOCALLES;Calle de la Ribera de Curtidores;80,76545883
CICLOCALLES;Calle de Miguel Servet;285,9830027
CICLOCALLES;Calle de Sombrerer›a;206,8346033
CICLOCALLES;Calle del Doctor Fourquet;170,9910898
CICLOCALLES;Calle de Argumosa;47,50433418
CICLOCALLES;Calle de Jos⁄ Antonio de Armona;321,5360421
CICLOCALLES;Calle de Mallorca;120,7591607
CICLOCALLES;Calle de Murcia;386,4796102
CICLOCALLES;Paseo de Santa Mar›a de la Cabeza;75,70931952
CICLOCALLES;Paseo de la Esperanza;78,96565421
CICLOCALLES;Calle de Sebastiﬂn Elcano;81,32594692
CICLOCALLES;Calle del Marqu⁄s de Toca;116,7008885
CICLOCALLES;Calle de Ventura de la Vega;194,8324961
CICLOCALLES;Calle de la Cooperativa El⁄ctrica;335,9914879
CICLOCALLES;Calle de la Cooperativa El⁄ctrica;342,8371134
CICLOCALLES;Calle de Esteban Carros;169,7059291
CICLOCALLES;Calle del Padre Llanos;92,69643162
CICLOCALLES;Ronda Sur;338,5369441
CICLOCALLES;Calle de los Barrios;576,8507981
CICLOCALLES;Calle de Martos;183,6725736
CICLOCALLES;Calle de Villacarrillo;202,2741205
CICLOCALLES;Calle de Cazorla;370,0487027
CICLOCALLES;Calle de la Serena;42,10049914
CICLOCALLES;Calle de la Campi±a;377,2279316
CICLOCALLES;Calle de la Serena;37,24751431
CICLOCALLES;Calle del Puerto de Balbarﬂn;129,5006295
CICLOCALLES;Calle del Doctor Sﬂnchez;121,490026
CICLOCALLES;Avenida del Parque de Palomeras Bajas;946,8282803
CICLOCALLES;Calle de Mejorana;457,9043811
CICLOCALLES;Calle de Avelino Fernﬂndez de la Poza;265,7239967
CICLOCALLES;Calle de Mejorana;193,4086302
CICLOCALLES;Calle del Convenio;183,4502325
CICLOCALLES;Calle del Pintor Sorolla;138,9680077
CICLOCALLES;Calle de Manuel Maroto;410,7481821
CICLOCALLES;Calle del Pﬂrroco Don Emilio Franco;270,2644785
CICLOCALLES;Calle de Gregorio Sﬂnchez Herrﬂez;109,9102235
CICLOCALLES;Calle de Tomﬂs Esteban;123,5353698
CICLOCALLES;Calle de Melqu›ades Biencinto;355,8448206
CICLOCALLES;Calle de Antonia Calas;111,9753041
CICLOCALLES;Calle del Cerro Negro;95,88049425
CICLOCALLES;Calle del Cristo de Lepanto;124,6806952
CICLOCALLES;Calle de Mariano Vela;558,9245369
CICLOCALLES;Calle de Primitiva Ga±ﬂn;282,9011843
CICLOCALLES;Calle de Enrique Fuentes;42,55902111
CICLOCALLES;Calle de Madridejos;391,0901453
CICLOCALLES;Calle de San Casimiro;90,05994621
CICLOCALLES;Calle de Manuel Noya;212,1323426
CICLOCALLES;Calle del Amor Hermoso;103,6338882
CICLOCALLES;Calle de Mirasierra;371,7333036
CICLOCALLES;Calle de la Cuesta;117,6292064
CICLOCALLES;Calle de Manuel Noya;166,3916043
CICLOCALLES;Calle de las Escuelas;205,7801939
CICLOCALLES;Calle de Alicante;119,3726358
CICLOCALLES;Calle del Hierro;119,2581547
CICLOCALLES;Calle del Granito;252,3722406
CICLOCALLES;Calle del Cobre;84,94304557
PEATONAL;Calle de los Embajadores;119,7572939
CICLOCALLES;Calle de Turmalina;76,21864702
CICLOCALLES;Calle de Tomﬂs Bretæn;222,2983185
CICLOCALLES;Calle del Sacramento;205,4281274
CICLOCALLES;Calle de San Justo;147,0258886
CICLOCALLES;Calle de Delicias;94,22230328
CICLOCALLES;Calle de Bustamante;373,6160715
CICLOCALLES;Estaciæn de Delicias;219,9729367
CICLOCALLES;Calle de la Magdalena;307,8689871
CICLOCALLES;Plaza de Jacinto Benavente;79,43597787
CICLOCALLES;Calle de Clara Campoamor;169,781944
CICLOCALLES;Calle de Francisco Garc›a;172,4733288
CICLOCALLES;Calle de ?lvarez Abellﬂn;314,4252564
CICLOCALLES;Calle del Jilguero;118,9388507
CICLOCALLES;Calle del Pel›cano;377,0129793
CICLOCALLES;Avenida de Abrantes;332,1698281
CICLOCALLES;Calle de Braganza;123,0223899
CICLOCALLES;Calle de la Parra;458,3059226
CICLOCALLES;Calle del Doctor Espina;380,9926464
CICLOCALLES;Calle de Ferreira;89,35715954
CICLOCALLES;Calle de Castro de Oro;108,4372119
CICLOCALLES;Calle de Luisa Mu±oz;114,0031919
CICLOCALLES;Calle del Cuclillo;58,40317795
CICLOCALLES;Calle de la Oca;49,10769201
CICLOCALLES;Calle de Zaida;93,66641712
CICLOCALLES;Calle del Pinzæn;632,6257574
CICLOCALLES;Calle de Blasa P⁄rez;128,79881
CICLOCALLES;Calle de Eurico;143,339172
CICLOCALLES;Calle de Rascæn;113,2332447
CICLOCALLES;Calle de Witiza;225,7529617
CICLOCALLES;Calle de Atanagildo;78,55281329
CICLOCALLES;Calle de Gundemaro;75,13102164
CICLOCALLES;Calle de Santa Catalina de Laboure;172,8162603
CICLOCALLES;Calle de Tinam∑s;273,1118604
CICLOCALLES;Calle de Mercedes Arteaga;228,9847348
CICLOCALLES;Calle de Antonio Gonzﬂlez Porras;176,1244467
CICLOCALLES;Calle de Guadalete;202,9236219
CICLOCALLES;Paseo de Santa Mar›a de la Cabeza;100,5913026
CICLOCALLES;Calle de Baleares;27,50014172
CICLOCALLES;Calle de Antonio Corpas;194,0298554
CICLOCALLES;Calle de Juan P⁄rez Almeida;94,42716126
CICLOCALLES;Calle de Lola Membrives;155,5327939
CICLOCALLES;Calle de Joaqu›n Mart›n;101,3506593
CICLOCALLES;Calle de Jacinto Verdaguer;292,2618705
CICLOCALLES;Calle de Ernest Hemingway;71,09439203
CICLOCALLES;Calle de Vicente Quesada;166,322785
CICLOCALLES;Calle de Gallur;531,904263
CICLOCALLES;Calle V›a Carpetana;58,46488114
CICLOCALLES;Calle de Ramæn Azor›n;331,6901999
CICLOCALLES;Calle de la Alhambra;25,28948858
CICLOCALLES;Calle del Palm›pedo;253,2956366
CICLOCALLES;Calle de Francisca Armada;323,1425905
CICLOCALLES;Calle de Saturnino Morﬂn;76,38791881
CICLOCALLES;Calle de Hernﬂn Cort⁄s;151,0732649
CICLOCALLES;Calle del Obispo Trejo;240,998353
PEATONAL;Calle de la Princesa;68,58360746
PEATONAL;Plaza de San Ildefonso;51,80628943
PEATONAL;Calle Gran V›a;68,11004064
CICLOCALLES;Calle de Garc›a Molinas;147,2124632
CICLOCALLES;Calle de los Donados;67,6088023
CICLOCALLES;Calle de la Flora;87,74960786
CICLOCALLES;Calle de la Cava de San Miguel;155,9064739
CICLOCALLES;Calle de los Cuchilleros;116,1604564
CICLOCALLES;Calle de Concepciæn Jerænima;357,2509663
CICLOCALLES;Paseo de Pontones;120,5160184
CICLOCALLES;Calle de La Maso;907,576759
CICLOCALLES;Calle de ?beda;280,6802409
CICLOCALLES;Camino Viejo de Burgos;139,7364749
CICLOCALLES;Calle de Gregorio Sﬂnchez Herrﬂez;764,5536997
CICLOCALLES;Calle del Mar Amarillo;121,3901061
CICLOCALLES;Calle del Mar Negro;233,907649
CICLOCALLES;Calle de Astorga de las Cﬂrcavas;307,6378335
CICLOCALLES;Calle de Moreruela;205,1672395
CICLOCALLES;Calle de las Cﬂrcavas Oeste;200,7867289
CICLOCALLES;Calle de Mombuey;281,2476465
CICLOCALLES;Calle de Moreruela;376,1012248
CICLOCALLES;Calle del Mar de las Antillas;258,020967
CICLOCALLES;Calle del Mar de las Antillas;179,6610342
CICLOCALLES;Calle de Calasparra;205,041692
CICLOCALLES;Calle de Pedro Muguruza;168,628185
CICLOCALLES;Calle del Arzobispo Morcillo;74,29576846
CICLOCALLES;Calle de C⁄sar Manrique;294,6429615
CICLOCALLES;Calle de Berruguete;620,1347901
CICLOCALLES;Paseo de la Direcciæn;325,2620077
CICLOCALLES;Calle de Angelita Camarero;91,01844476
CICLOCALLES;Avenida del Cardenal Herrera Oria;10,47971947
CICLOCALLES;Calle de las Islas H⁄bridas;245,286577
CICLOCALLES;Calle de la Isla de Arosa;66,44979773
CICLOCALLES;Calle del Pintor Francisco Llorens;122,0776661
CICLOCALLES;Calle de Ferm›n Caballero;449,4098328
CICLOCALLES;Calle de ?ngel M∑gica;158,3126447
CICLOCALLES;Calle de la Virgen de Arﬂnzazu;92,23914177
CICLOCALLES;Calle de San Dacio;301,6080928
CICLOCALLES;Calle de Manuel Aza±a;102,1880755
CICLOCALLES;Paseo de las Alamedillas;479,6584364
CICLOCALLES;Calle de Francisco del Pozo;149,8898443
CICLOCALLES;Paseo del Comandante Fortea;876,5472816
CICLOCALLES;Paseo de Julio Romero de Torres;156,5288483
CICLOCALLES;Calle de la Bah›a;242,9474609
CICLOCALLES;Calle de Francisco y Jacinto Alcﬂntara;127,3243851
CICLOCALLES;Calle de Francisco y Jacinto Alcﬂntara;253,4653071
CICLOCALLES;Calle de Pavia;58,13981189
CICLOCALLES;Plaza de Santo Domingo;42,74114828
CICLOCALLES;Costanilla de Santiago;322,3597669
CICLOCALLES;Calle de San Nicolﬂs;211,7630119
CICLOCALLES;Paseo de Perales;439,6091401
CICLOCALLES;Calle de la Huerta de Casta±eda;22,90267772
CICLOCALLES;Paseo de los Olivos;398,5449583
CICLOCALLES;Calle de San Benigno;210,9857862
CICLOCALLES;Calle de Mar›a del Carmen;44,96491721
CICLOCALLES;Calle de Rogelio Osorio;90,1841342
CICLOCALLES;Calle de Alverja;164,5866243
CICLOCALLES;Calle de las Higueras;49,72466281
CICLOCALLES;Calle del Doctor Tolosa Latour;89,39901017
CICLOCALLES;Hospital Doce de Octubre;499,8957257
CICLOCALLES;Calle del Cristo de la Vega;79,77004605
CICLOCALLES;Calle del Cristo de la Victoria;63,49352125
CICLOCALLES;Calle de Jes∑s del Gran Poder;286,7976928
CICLOCALLES;Calle de Almendrales;77,0594589
CICLOCALLES;Calle de las Hijas de Jes∑s;172,8272709
CICLOCALLES;Calle de Caramuel;57,80718901
CICLOCALLES;Calle de Santa ?rsula;45,1066708
PEATONAL;Calle de la Industria;94,49834954
CICLOCALLES;Calle del Ferial;249,4477528
CICLOCALLES;Calle de Meneses;153,026476
CICLOCALLES;Calle del Cerro Negro;413,9276139
CICLOCALLES;Calle de las Gardenias;153,2919213
CICLOCALLES;Calle de Agave;117,6521932
PEATONAL;Hospital Doce de Octubre;169,769036
CICLOCALLES;Hospital Doce de Octubre;438,0210085
CICLOCALLES;Calle del Doctor Tolosa Latour;22,97566478
CICLOCALLES;Hospital Doce de Octubre;343,7328882
PEATONAL;Hospital Doce de Octubre;187,2618915
CICLOCALLES;Hospital Doce de Octubre;97,12189369
CICLOCALLES;Calle de San Crisp›n;94,22533465
CICLOCALLES;Calle de Do±a Mencia;190,9985257
CICLOCALLES;Calle de Avil⁄s;37,23984378
CICLOCALLES;Calle de Caramuel;67,99665379
PEATONAL;Calle de Caramuel;61,99237139
CICLOCALLES;Calle de Meneses;447,606148
CICLOCALLES;Calle del Puerto de la Cruz Verde;110,2281838
CICLOCALLES;Calle del Puerto de la Cruz Verde;96,80529186
CICLOCALLES;Calle de Puerto Serrano;245,8095658
CICLOCALLES;Calle de Puerto Serrano;445,002196
CICLOCALLES;Calle de los Embajadores;182,6657862
CICLOCALLES;Calle de Cabeza del Villar;162,0845128
CICLOCALLES;Calle del Concejal Francisco Jos⁄ Jim⁄nez Mart›n;45,07373434
CICLOCALLES;Calle de Miguel Aracil;235,606973
PEATONAL;Calle de Miguel Aracil;26,2969043
CICLOCALLES;Estaciæn de Chamart›n;256,3560206
CICLOCALLES;Calle del Arzobispo Morcillo;32,59913584
CICLOCALLES;Calle del Arzobispo Morcillo;130,9137589
CICLOCALLES;Hospital Ramæn y Cajal;396,2618894
CICLOCALLES;Calle de San Modesto;69,39538668
CICLOCALLES;Calle de San Modesto;304,8401087
CICLOCALLES;Avenida del Cardenal Herrera Oria;100,0318749
CICLOCALLES;Calle de Monasterio de Las Huelgas;416,2524521
CICLOCALLES;Calle de Monasterio de Oseira;219,0494838
CICLOCALLES;Calle de La Cabrera;504,4695053
CICLOCALLES;Alejandro Casona;76,38585866
CICLOCALLES;Enrique Velasco;123,9596692
CICLOCALLES;Campus Sur UPM;338,9267814
PEATONAL;Fuentidue±a;14,96596624
PEATONAL;Avenida de Manuel Aza±a;170,3657458
CICLOCALLES;La∑d;103,5416781
CICLOCALLES;Avenida del Ensanche de Vallecas;54,79452056
CICLOCALLES;Avenida del Ensanche de Vallecas;59,52290433
CICLOCALLES;Avenida del Ensanche de Vallecas;677,534862
CICLOCALLES;Avenida del Ensanche de Vallecas;1333,469585
CICLOCALLES;Avenida del Ensanche de Vallecas;1335,403962
CICLOCALLES;Avenida del Ensanche de Vallecas;673,724329
CICLOCALLES;Avenida del Ensanche de Vallecas;131,8673759
CICLOCALLES;Avenida del Ensanche de Vallecas;133,8838552
PEATONAL;Parque Fofæ;56,50670421
CICLOCALLES;Hermanos Garc›a;27,63204383
CICLOCALLES;Hermanos Garc›a;67,79134818
PEATONAL;Villalobos;45,89969633
CICLOCALLES;Glorieta Rafael Alberti/Calle de los Andaluces;227,0930698
CICLOCALLES;Andaluces;349,2348232
CICLOCALLES;Andaluces;277,2071907
CICLOCALLES;Pablo Neruda;147,6658681
CICLOCALLES;Malgrat de Mar;252,3273261
CICLOCALLES;Andaluces;294,059412
CICLOCALLES;Pablo Neruda;190,40542
CICLOCALLES;Rafael Alberti;272,3986517
CICLOCALLES;Villalobos;552,688226
CICLOCALLES;Rafael Alberti;954,7630182
CICLOCALLES;Aragoneses;40,64905726
CICLOCALLES;Aragoneses;200,4801939
CICLOCALLES;Rafael Alberti;102,3957678
CICLOCALLES;Campo de la Paloma;297,3760817
CICLOCALLES;Extreme±os;75,27376061
CICLOCALLES;Pablo Neruda;117,6891024
CICLOCALLES;Guillermo Pingarræn;97,40496085
CICLOCALLES;Santiago Al›o;233,1291494
CICLOCALLES;Diego Manchado;160,4297143
CICLOCALLES;Tﬂnger;183,6143691
CICLOCALLES;Pedro Laborde;61,4751697
CICLOCALLES;Puerto de Velate;137,8131774
CICLOCALLES;Leoneses/Pedro Laborde;896,5980427
CICLOCALLES;Villalobos;590,6417299
CICLOCALLES;Buenos Aires;127,8985039
CICLOCALLES;Pedro Laborde;885,0633972
CICLOCALLES;San Feliu de Guixols;116,252438
CICLOCALLES;Pont de Molins;379,0899263
CICLOCALLES;San Feliu de Guixols;272,5742689
CICLOCALLES;Pedra±as;119,0101072
CICLOCALLES;Pont de Molins;128,0018544
CICLOCALLES;Malgrat de Mar;144,5746178
CICLOCALLES;Benjam›n Palencia;86,622181
CICLOCALLES;Humanes;167,6177532
CICLOCALLES;Marchamalo;259,4061016
CICLOCALLES;San Feli∑/Avenida de la Albufera;132,8500181
PEATONAL;Parque Fofæ;581,2473884
CICLOCALLES;Javier de Miguel;784,4861241
CICLOCALLES;Los Santos Inocentes;42,47346358
PEATONAL;Paso Estaciæn de El Pozo;65,76917713
CICLOCALLES;Viridiana;239,3149299
CICLOCALLES;Sierra de Tejeda;102,2873779
CICLOCALLES;Doctor Sﬂnchez;214,1901868
CICLOCALLES;Sierra de Tejeda;115,7328027
CICLOCALLES;San Mois⁄s;198,0931504
CICLOCALLES;Viridiana;369,8523637
CICLOCALLES;Antonio Garisa;34,36528057
CICLOCALLES;Antonio Garisa;31,74484305
CICLOCALLES;Los Santos Inocentes;174,4625802
CICLOCALLES;Los Santos Inocentes;119,0978854
CICLOCALLES;Los Santos Inocentes;173,5328242
CICLOCALLES;Los Santos Inocentes;135,2857476
CICLOCALLES;Parque de Palomeras Bajas;82,51775027
CICLOCALLES;Mogambo;287,6597156
CICLOCALLES;Viridiana;166,3307182
CICLOCALLES;Sabrina;185,0141419
CICLOCALLES;Candilejas;104,3407728
CICLOCALLES;Mart›nez de la Riva;103,8959467
CICLOCALLES;Historias de la Radio;225,8101553
CICLOCALLES;La Cenicienta;177,0515667
CICLOCALLES;Viridiana/Mogambo;132,850033
CICLOCALLES;Avda. Pablo Neruda/La Cenicienta;132,8500165
CICLOCALLES;La Diligencia;209,7566718
CICLOCALLES;Alianza;237,4319237
CICLOCALLES;Coaliciæn;288,7441593
PEATONAL;Parque Espinillo;301,5202589
CICLOCALLES;Alianza;110,9387673
CICLOCALLES;Avda. Orovilla/Unanimidad;132,8500428
CICLOCALLES;Avda. Andalucia/Bohemios;321,3361254
CICLOCALLES;Bohemios;297,6002872
CICLOCALLES;La del Manojo de Rosas;421,7499999
CICLOCALLES;Clara Shumann;216,9866351
CICLOCALLES;Selma Lagerloff;214,5815077
CICLOCALLES;Diamante;59,55287831
CICLOCALLES;Villaverde a Vallecas;31,09068587
CICLOCALLES;Vilafuerte;286,1326683
CICLOCALLES;Ciudadan›a;256,3755825
CICLOCALLES;La Corte del Faraæn;341,7069237
CICLOCALLES;Unanimidad;746,2784301
CICLOCALLES;Unanimidad;347,6344935
CICLOCALLES;Unanimidad;254,1240295
CICLOCALLES;Tertulia;481,3396108
PEATONAL;Pasarela M-30;219,5331721
PEATONAL;Sandalio Læpez;141,9015724
CICLOCALLES;Llodio/Manresa;301,4274232
CICLOCALLES;Tutor;252,8763818
CICLOCALLES;Francisco Navacerrada;535,8075662
CICLOCALLES;Carlos Pereyra;152,0896037
CICLOCALLES;Pradillo;74,59834854
CICLOCALLES;Gustavo Fernﬂndez Balbuena;76,25241548
CICLOCALLES;Luis Larrainza;118,0390373
CICLOCALLES;Jorge Manrique;190,4808525
CICLOCALLES;Juan de la Cierva;176,7671936
CICLOCALLES;Joaqu›n Costa;120,0893629
PEATONAL;Joaqu›n Costa;121,626844
CICLOCALLES;Marqu⁄s de Ahumada/Ferrer del R›o;361,8374903
CICLOCALLES;Francisco Remiro;345,6544137
CICLOCALLES;Bonn;82,45886759
CICLOCALLES;Bonn;312,5989412
CICLOCALLES;Conde de Vilches;349,874004
CICLOCALLES;Francisco Remiro;374,9363465
CICLOCALLES;Francisco Remiro;64,06650655
CICLOCALLES;Bonn;103,1410617
CICLOCALLES;Bonn;312,7039191
CICLOCALLES;Pilar de Zaragoza;278,9966543
PEATONAL;Parque Fuente del Berro;465,3852198
CICLOCALLES;Arroyo de la Media Legua;250,3898381
CICLOCALLES;Juan Esplandiu;419,6949528
CICLOCALLES;Doce de Octubre;212,0854431
CICLOCALLES;Antonio Arias;404,3119003
CICLOCALLES;Acceso Retiro por calle 12 de Octubre;247,9610029
CICLOCALLES;Don Felipe;37,16822831
CICLOCALLES;Molino de Viento;170,1796581
CICLOCALLES;Carlos Cambronero;56,0433997
CICLOCALLES;San Roque;154,0899155
CICLOCALLES;Silva;313,6895824
CICLOCALLES;Ponzano/Virtudes;570,2202687
CICLOCALLES;Ponzano;220,7261439
CICLOCALLES;Juan Vigæn;353,5526071
PEATONAL;Paseo de Camoens;32,67716674
PEATONAL;Parque del Oeste;156,5194967
PEATONAL;Paso Moncloa;147,1719593
CICLOCALLES;Mario Recuero;57,82206011
CICLOCALLES;Basilio de Prado;107,658772
CICLOCALLES;Vicente Baena;253,6940343
CICLOCALLES;Alejandro Casona;135,3517114
CICLOCALLES;Alejandro Casona;332,6991379
CICLOCALLES;Islas Mascare±as;204,6440228
CICLOCALLES;Mario Recuero;243,259816
CICLOCALLES;Rosal›a de Castro;349,9998115
CICLOCALLES;Golfo de Salænica;915,4945336
CICLOCALLES;Manoteras;677,4941207
CICLOCALLES;Manoteras;192,5000909
CICLOCALLES;O±a;132,8500412
CICLOCALLES;Pintor Lucio Mu±oz;1071,656666
PEATONAL;Dulce Chacæn;239,9819313
PEATONAL;Paso sobre M-11;153,7986714
PEATONAL;Acceso pasarela M-11;199,6316039
CICLOCALLES;Roquetas de Mar;657,9993448
CICLOCALLES;Montoro;214,4009992
CICLOCALLES;Montoro;234,8441232
CICLOCALLES;Montoro;199,2750581
CICLOCALLES;Montoro;373,9873396
PEATONAL;Parque calle del P⁄ndulo;31,84853865
CICLOCALLES;Sierra Gador;28,13277792
CICLOCALLES;Sierra de Guadalupe;214,1061897
CICLOCALLES;Sierra Gador;28,13278331
CICLOCALLES;Monte Aya;85,65906319
PEATONAL;Fuentidue±a;34,82645433
CICLOCALLES;Fuentidue±a;95,63737057
CICLOCALLES;Pe±a Cervera;318,3617553
CICLOCALLES;Congosto;780,2992399
CICLOCALLES;Jes∑s del Pino;270,5926439
CICLOCALLES;Juan de Malasa±a;78,52692733
CICLOCALLES;Real de Arganda;144,013617
CICLOCALLES;Montes de Barbanza;429,290168
CICLOCALLES;Puerto de Porzuna;312,277396
CICLOCALLES;Jes∑s del Pino;209,1213093
CICLOCALLES;Sierra de Guadalupe;209,1213515
CICLOCALLES;Camino de Vasares;568,7670038
CICLOCALLES;Felipe ?lvarez;302,6915645
CICLOCALLES;Felipe ?lvarez;132,8500364
CICLOCALLES;Avda. Albufera con Felipe ?lvarez;132,8500553
CICLOCALLES;Avda. Albufera con Arboleda y Democracia;227,0930831
PEATONAL;Albufera;321,3075794
CICLOCALLES;Arboleda;520,1381563
CICLOCALLES;Campus Sur UPM;346,2778027
PEATONAL;Parque calle del P⁄ndulo;39,49392257
PEATONAL;Parque calle del P⁄ndulo;104,2365658
PEATONAL;Paso A3/Calle del P⁄ndulo;39,33953472
PEATONAL;Paso A3/Calle del P⁄ndulo;230,9550112
PEATONAL;Pasarela sobre A-3 de Campus Sur a calle P⁄ndulo;232,8789735
CICLOCALLES;Campus Sur UPM;282,4345285
PEATONAL;Acceso FAUNIA;259,7821599
PEATONAL;Cordel de Pavones;71,41236552
CICLOCALLES;P⁄ndulo;464,4689182
CICLOCALLES;Ladera de los Almendros;72,52785204
CICLOCALLES;Poetas;458,5228393
CICLOCALLES;Pinillas;461,5872336
CICLOCALLES;Ladera de los Almendros;1053,865485
CICLOCALLES;Cordel de Pavones;1064,360837
CICLOCALLES;Juglares;461,0422852
CICLOCALLES;Raya;461,3098272
CICLOCALLES;Fuentidue±a;670,2388514
CICLOCALLES;Villar del Olmo;283,7214645
CICLOCALLES;Laponia;780,0435917
CICLOCALLES;Luis de Hoyos Sﬂinz;652,4857453
PEATONAL;Pasarela M-40;505,297742
CICLOCALLES;Valdebernardo;786,609475
CICLOCALLES;Encomienda de Palacios;779,1499379
CICLOCALLES;Encomienda de Palacios;389,2548779
CICLOCALLES;Pico de los Artilleros;757,5142898
CICLOCALLES;Mario Cabr⁄;365,9433959
CICLOCALLES;Jos⁄ Bergam›n;712,8885248
CICLOCALLES;Molina de Segura;291,1986007
CICLOCALLES;Molina de Segura;352,9283962
CICLOCALLES;Luis de Hoyos Sﬂinz;426,1965469
CICLOCALLES;Encuentro;199,2750444
CICLOCALLES;Arroyo Fontarræn;189,8850352
CICLOCALLES;Corregidor Juan Francisco de Lujﬂn;542,0406159
PEATONAL;Corregidor Juan Francisco de Lujﬂn;50,82283146
CICLOCALLES;Corregidor Juan Francisco de Lujﬂn;173,5342664
PEATONAL;Doctor Garc›a Tapia;131,5081789
CICLOCALLES;Arroyo Belincoso;525,3696964
CICLOCALLES;Arroyo de las Pilillas;225,5311617
PEATONAL;Parque Lineal de Palomeras con Gonzﬂlez Dﬂvila;699,0245152
CICLOCALLES;Jardines Campo de la Paloma;237,4490192
CICLOCALLES;Mart›nez de la Riva;707,2966891
CICLOCALLES;Santa Julia;95,65323644
CICLOCALLES;Sanz Raso;383,5905474
CICLOCALLES;Picos de Europa;31,44457374
CICLOCALLES;San Virgilio;62,25560916
CICLOCALLES;Alguacil;56,829223
CICLOCALLES;San Diego;149,2476562
CICLOCALLES;Carlos Mart›n ?lvarez;840,2075635
CICLOCALLES;Sierra de Cadi;205,8555109
CICLOCALLES;Rogelio Folgueras;193,6538977
CICLOCALLES;Jos⁄ Paulete;195,7094176
CICLOCALLES;C? Valderribas;43,65330029
CICLOCALLES;Valderribas;224,3351412
CICLOCALLES;Læpez Grass;249,17786
CICLOCALLES;Venancio Mart›n;271,8111764
CICLOCALLES;Valderribas;413,6123317
CICLOCALLES;Puerto de Canfranc;660,1690404
CICLOCALLES;Albufera;41,19666392
CICLOCALLES;Puerto Pajares;238,2054155
CICLOCALLES;Ruices;66,9125535
CICLOCALLES;Mart›nez de la Riva;89,38544319
CICLOCALLES;Pﬂrroco Don Emilio Franco;96,06739757
CICLOCALLES;Arroyo del Olivar;623,0891283
CICLOCALLES;Mart›nez de la Riva;411,3271954
CICLOCALLES;Sierra de Filabres;108,080011
CICLOCALLES;Sierra de Filabres;377,6588044
CICLOCALLES;Enrique Velasco;445,2692454
CICLOCALLES;Payaso Fofæ;817,1948159
CICLOCALLES;La Diligencia;580,0654432
CICLOCALLES;Valderribas;329,2045334
CICLOCALLES;Gutenberg;121,2227024
CICLOCALLES;Vandergot⁄n;158,6785524
CICLOCALLES;Ciudad de Barcelona;55,69783004
CICLOCALLES;Antonio Nebrija;111,3507363
PEATONAL;T⁄llez;402,2605161
CICLOCALLES;Juan de Urbieta;387,9784445
CICLOCALLES;Cocheras;117,774772
CICLOCALLES;Hoyuelo;78,24234147
CICLOCALLES;T⁄llez;135,7531576
CICLOCALLES;T⁄llez;71,63198172
PEATONAL;Alberche;164,1536583
PEATONAL;Cerro de la Plata;156,0835885
CICLOCALLES;Jﬂtiva;421,2923246
CICLOCALLES;Cerro de la Plata;92,30257406
CICLOCALLES;Cerro de la Plata;426,2531932
PEATONAL;Calle del Comercio (Bajada aparcamiento de Atocha);461,3141199
CICLOCALLES;Avenida del Manzanares;222,9381947
CICLOCALLES;Ermita del Santo;240,7272304
CICLOCALLES;Paseo de la Esperanza;225,5815148
CICLOCALLES;Palo de Rosa;130,0143871
CICLOCALLES;Gasæmetro;156,30686
CICLOCALLES;Gasæmetro;114,7301857
CICLOCALLES;Gasæmetro;91,42054977
PEATONAL;Palo de Rosa;118,4939998
PEATONAL;Arganda/Melilla;165,4806299
CICLOCALLES;Arganda;552,9778954
CICLOCALLES;Nebulosas;484,8456059
CICLOCALLES;Bolivar;540,5879305
CICLOCALLES;Ricardo Damas;446,2393665
CICLOCALLES;Teniente Coronel Nore±a;134,3556794
CICLOCALLES;Bronce;243,6335847
CICLOCALLES;Hierro;593,5016184
CICLOCALLES;Villaverde a Vallecas;78,24071455
CICLOCALLES;Augustobriga;656,4937462
CICLOCALLES;Domingo Pﬂrraga;639,3340009
CICLOCALLES;Real de Pinto;152,0418255
CICLOCALLES;Valle de Tobalina;183,9915405
CICLOCALLES;Bascu±uelos;597,3936269
CICLOCALLES;Ciudad de Fr›as;447,2398616
CICLOCALLES;San Ezequiel;113,5229191
CICLOCALLES;Valle de Tobalina;306,5523459
CICLOCALLES;Real de Pinto;378,2003217
CICLOCALLES;Camino Viejo de Villaverde;339,4531614
CICLOCALLES;Gran Avenida;650,9202637
CICLOCALLES;Nivar;182,2484925
CICLOCALLES;Orcasur;241,4617293
CICLOCALLES;Salvador Mart›nez;289,1849741
CICLOCALLES;Con›feras;213,1877695
CICLOCALLES;Camino Viejo de Villaverde;327,2043693
CICLOCALLES;Gran Avenida;647,359214
CICLOCALLES;Sacromonte;192,9966872
CICLOCALLES;Orcasur;273,9090875
CICLOCALLES;Salvador Mart›nez;296,2227371
CICLOCALLES;Con›feras;202,6699493
PEATONAL;Parque de las Cruces;308,6124452
CICLOCALLES;Parque Campamento (Tapia Casa de Campo);396,1224335
CICLOCALLES;Camino de H∑mera;1334,009471
CICLOCALLES;Plasencia/Manuel Roses;1251,240596
CICLOCALLES;Paseo de la Casa de Campo;132,8500418
CICLOCALLES;Camino de H∑mera;105,3985207
CICLOCALLES;Alegr›a de la Huerta;391,7940788
CICLOCALLES;Bohemios;128,6591703
CICLOCALLES;Anoeta;690,1084111
CICLOCALLES;Real de Pinto;208,6601915
CICLOCALLES;Anoeta;96,98032138
CICLOCALLES;Real de Pinto;137,6912533
CICLOCALLES;Plata;250,5822832
CICLOCALLES;Arroyo Bueno;322,0016836
CICLOCALLES;Talleres;141,1317277
CICLOCALLES;Santiago Amæn;126,9514717
CICLOCALLES;Santiago Amæn;284,3579712
CICLOCALLES;Talleres;440,5768868
CICLOCALLES;Talleres;40,60621239
CICLOCALLES;Real de Pinto;78,2859959
CICLOCALLES;Doctor Mart›n Ar⁄valo;85,45984518
CICLOCALLES;Doctor Mart›n Ar⁄valo;147,8737444
CICLOCALLES;Vieja de Pinto;100,8809435
CICLOCALLES;Plaza de ?gata;131,7967752
CICLOCALLES;Fuente;131,4248322
CICLOCALLES;Espinela;818,8911079
CICLOCALLES;Palomares;105,6974802
CICLOCALLES;Parvillas;64,16727037
CICLOCALLES;Gilena;303,8625767
CICLOCALLES;Real de Pinto;125,0422017
PEATONAL;Parque Casalarreina;238,2391289
PEATONAL;Casalarreina;22,19217236
CICLOCALLES;Calahorra;172,8009631
CICLOCALLES;Calahorra;633,4750916
CICLOCALLES;Ezcaray;529,6450017
PEATONAL;Calahorra;30,82997888
CICLOCALLES;Calahorra;181,2712481
CICLOCALLES;Herce;318,0154833
CICLOCALLES;Prat;987,1696056
CICLOCALLES;Marmolina;583,523391
CICLOCALLES;Dehesa de Vicﬂlvaro;53,79215406
CICLOCALLES;Huerta del Convento;291,3556187
CICLOCALLES;Dehesa de Vicﬂlvaro;39,18481722
CICLOCALLES;Omega;873,1461693
CICLOCALLES;Marmolina con Avda. Comunidades;262,1575673
PEATONAL;Avda. Comunidades;15,52933419
CICLOCALLES;Avda. Comunidades;439,8796149
PEATONAL;Cordel de Pavones;100,1773265
CICLOCALLES;Marmolina;115,4309831
CICLOCALLES;Calle de Torrelaguna;49,44982426
CICLOCALLES;Calle de la Chirimoya;348,0067541
CICLOCALLES;Camino de las Cruces;533,7593183
CICLOCALLES;Camino de las Cruces;250,5508945
CICLOCALLES;Camino de Prado Redondo;498,3502571
CICLOCALLES;Calle de Ildefonso Gonzﬂlez Valencia;465,3690273
CICLOCALLES;Calle de Doroteo Laborda;69,00090254
CICLOCALLES;Plaza de Cupido;37,28580706
CICLOCALLES;Calle de Alberto Palacios;222,7294958
CICLOCALLES;Calle de Santa Petronila;416,9519415
CICLOCALLES;Calle de la Antracita;754,732987
CICLOCALLES;Calle de Juliﬂn Rabanedo;146,1874496
CICLOCALLES;Calle de Ricardo Goizueta;61,46821847
CICLOCALLES;Calle de Tomﬂs Bretæn;347,2421028
CICLOCALLES;Calle del Payaso Fofæ;112,7910592
CICLOCALLES;Calle del Monte Perdido;318,7486768
CICLOCALLES;Camino de Valderribas;168,556833
CICLOCALLES;Calle de Jos⁄ Paulete;524,1124177
CICLOCALLES;Calle de Carlos Sol⁄;86,83898428
CICLOCALLES;Plaza del Doctor Lozano;157,467173
CICLOCALLES;Plaza del Doctor Lozano;94,40021894
CICLOCALLES;Calle de Toledo;88,51401397
CICLOCALLES;Calle de Juanelo;247,7300064
CICLOCALLES;Plaza de la Cebada;159,8298286
CICLOCALLES;Plaza del ?ngel;29,90337454
CICLOCALLES;Plaza de Santa Ana;102,5962816
CICLOCALLES;Paseo de la Ermita del Santo;170,9319132
CICLOCALLES;Calle de San Galo;126,5682434
CICLOCALLES;Avenida del Manzanares;486,3669245
CICLOCALLES;Calle de Menorca;378,3211042
CICLOCALLES;Calle del Marqu⁄s de la Ensenada;253,8673479
CICLOCALLES;Calle de G⁄nova;38,87018834
CICLOCALLES;Ronda del Tren;182,5482898
CICLOCALLES;Calle de la Rosa de Luxemburgo;283,5326876
CICLOCALLES;Calle de Colomer;315,3969084
CICLOCALLES;Calle del General Kirkpatrick;228,8469264
CICLOCALLES;Calle de Arturo Soria;304,9936972
CICLOCALLES;Avenida de las Piceas;82,73920836
CICLOCALLES;Calle de Dionisio Inca Yupanqui;110,1231289
CICLOCALLES;Plaza del Liceo;142,7020529
CICLOCALLES;Calle de Silvano;48,81618154
CICLOCALLES;Calle de Alejandro Rodriguez;138,4101678
CICLOCALLES;Calle de Moguer;141,7323406
CICLOCALLES;Calle del Alcalde Mart›n de Alzaga;479,4615911
CICLOCALLES;Calle de los Mﬂrtires Maristas;103,68125
CICLOCALLES;Calle de Trajano;127,2540475
CICLOCALLES;Calle de Alfonso Rodr›guez Castelao;164,6563649
CICLOCALLES;Calle de Leopoldo Alas Clar›n;96,44172116
CICLOCALLES;Calle de Vicente Blasco Ibﬂ±ez;1358,113495
CICLOCALLES;Calle de los Padres Dominicos;426,1494101
CICLOCALLES;Camino de San Chinarro;402,5061525
CICLOCALLES;Calle del Pærtico de la Gloria;304,198614
CICLOCALLES;Calle del Camino de Santiago;234,3587707
CICLOCALLES;Calle del Pærtico de la Gloria;230,5920924
CICLOCALLES;Calle de la Isla de Oza;116,1981739
CICLOCALLES;Calle de la Condesa de Venadito;227,8516259
CICLOCALLES;Calle de la Rosa;62,63994939
CICLOCALLES;Calle del Ave Mar›a;16,81623595
CICLOCALLES;Avenida de Manoteras;202,8674943
CICLOCALLES;Calle de los Escribanos;350,637945
CICLOCALLES;Calle de Doroteo Laborda;58,36066161
CICLOCALLES;Paseo de los Ferroviarios;87,26271571
CICLOCALLES;Calle de Domingo Pﬂrraga;561,1765077
CICLOCALLES;Calle de la Cabeza;367,1138651
CICLOCALLES;Calle de los Estudios;168,2555988
CICLOCALLES;Calle de la Ribera de Curtidores;562,5883323
CICLOCALLES;Calle del Prado;157,7739292
CICLOCALLES;Calle del Prado;119,6255327
CICLOCALLES;"Calle de la Torrecilla del Leal
";23,35656836
CICLOCALLES;Calle de Maldonadas;91,61728283
CICLOCALLES;Calle de la Cava Baja;294,9026016
CICLOCALLES;Calle de Braojos;221,1444112
CICLOCALLES;Calle de Apolonio Morales;328,703326
CICLOCALLES;Calle de Condes del Val;114,1609959
CICLOCALLES;Calle de Veracruz;122,1808794
CICLOCALLES;Calle del General Varela;431,1829752
CICLOCALLES;Calle del Profesor Waksman;233,1922606
CICLOCALLES;Calle de Juan Ramæn Jim⁄nez;662,4504627
CICLOCALLES;Avenida del Santo ?ngel de la Guarda;685,9915857
CICLOCALLES;Calle del Camino de Le±eros;299,139361
CICLOCALLES;Avenida del Doctor Federico Rubio y Gal›;559,9513416
CICLOCALLES;Pasaje de las Bellas Vistas;278,3279915
CICLOCALLES;Calle del Doctor Reinosa;161,7211114
CICLOCALLES;Calle de Alfonso Rodriguez Castelao;122,353643
CICLOCALLES;Calle de Rosal›a de Castro;313,1386538
CICLOCALLES;Calle de Isabel Clara Eugenia;448,9468839
CICLOCALLES;Calle de Manuel Pombo Angulo;452,6544514
CICLOCALLES;Avenida de Europa;145,0224365
CICLOCALLES;Calle del Pærtico de la Gloria;125,2617227
CICLOCALLES;Calle de Ana de Austria;166,7046175
CICLOCALLES;Calle de Isabel Clara Eugenia;788,4275282
CICLOCALLES;Avenida de Manoteras;292,2978836
CICLOCALLES;Camino de la Fuente de la Mora;251,2591712
CICLOCALLES;Avenida de la Fuente de la Mora;199,3391253
CICLOCALLES;Calle de Ana de Austria;585,5792638
CICLOCALLES;Avenida de Manoteras;310,2306521
CICLOCALLES;Camino de Fuencarral a Hortaleza;797,8156627
CICLOCALLES;Avenida de Manoteras;648,2635325
CICLOCALLES;Calle de Montearagæn;241,2730762
CICLOCALLES;Calle de Manuel Uribe;182,6486553
CICLOCALLES;Calle de Florencio Castillo;219,9065054
CICLOCALLES;Calle de Mahonia;102,7747196
CICLOCALLES;Calle de Chicuelo;404,3598604
CICLOCALLES;Calle de Jos⁄ Domingo Rus;193,6937006
CICLOCALLES;Calle de Ulises;90,42688171
CICLOCALLES;Calle del Puentecillo;73,32233417
CICLOCALLES;Calle de Andorra;213,030439
CICLOCALLES;Calle del Liceo;252,8550688
CICLOCALLES;Calle de Colombia;326,6462151
CICLOCALLES;Calle de Arturo Soria;172,7381893
CICLOCALLES;Calle del Marqu⁄s de Portugalete;290,541877
CICLOCALLES;Calle de Pablo Sﬂnchez;73,5330557
CICLOCALLES;Calle del Padre Coloma;94,31692622
CICLOCALLES;Calle de Mart›nez Villergas;149,9930168
CICLOCALLES;Calle de Verdaguer y Garc›a;369,5885582
CICLOCALLES;Calle de Josefa Valcﬂrcel;206,7506817
CICLOCALLES;Calle de Agastia;205,6717346
CICLOCALLES;Calle de la Madre Antonia Par›s;234,3350459
CICLOCALLES;Avenida de Badajoz;579,5105635
CICLOCALLES;Calle de Jos⁄ Mar›a Cavero;196,10651
CICLOCALLES;Calle de Deyanira;649,8512834
CICLOCALLES;Calle de Acceso a la estaciæn de O?Donnell;54,97325253
CICLOCALLES;Calle de Monte Esquinza;513,4207703
CICLOCALLES;Calle de Tamayo y Baus;111,022828
CICLOCALLES;Estaciæn de Atocha;351,689185
CICLOCALLES;Calle de Rafael de Riego;597,9136023
CICLOCALLES;Calle del Doce de Octubre;143,1597551
CICLOCALLES;Avenida del Mediterrﬂneo;144,6609583
CICLOCALLES;Avenida del Manzanares;270,2910245
CICLOCALLES;Avenida del Manzanares;247,4337159
CICLOCALLES;Calle de Baleares;240,6813272
CICLOCALLES;Calle de Sanarmengol;110,9482207
CICLOCALLES;Calle de Antonio Læpez;73,3317523
CICLOCALLES;Calle de Carmen Bruguera;282,4955423
CICLOCALLES;Calle de Jes∑s del Gran Poder;190,8402626
CICLOCALLES;Calle de Antonio Læpez;151,8603806
CICLOCALLES;Calle de Eugenio Caxes;152,9127239
CICLOCALLES;Avenida del Manzanares;1560,271146
CICLOCALLES;Calle de Matilde Gayo;276,2372987
CICLOCALLES;Puente de Andaluc›a;358,9781234
CICLOCALLES;Calle de Embajadores;268,4887709
CICLOCALLES;Calle de Guillermo de Osma;237,6558725
CICLOCALLES;Calle del Cobre;76,85342986
CICLOCALLES;Calle del Bronce;625,257858
CICLOCALLES;Calle del Arroyo del Olivar;77,87602777
CICLOCALLES;Calle de Carlos Sol⁄;211,6536845
CICLOCALLES;Calle de Santillana del Mar;111,2314604
CICLOCALLES;Calle de Candilejas;444,8192277
CICLOCALLES;Calle de la Tertulia;212,2783978
CICLOCALLES;Calle de Antequera;216,2079835
CICLOCALLES;Calle de la Estafeta;373,8949172
CICLOCALLES;Avenida de Orovilla;196,3728392
CICLOCALLES;Calle de la Mezquita;267,8539519
CICLOCALLES;Calle de la Estafeta;572,1944276
CICLOCALLES;Avenida de Orovilla;724,4442001
CICLOCALLES;Avenida de Orovilla;248,6966333
CICLOCALLES;Calle de Gæmez Acebo;88,27829802
CICLOCALLES;Calle de Ildefonso Gonzﬂlez Valencia;341,0749664
CICLOCALLES;Calle de Gæmez de Arteche;437,9534767
CICLOCALLES;Calle de Marianistas;243,2409413
CICLOCALLES;Calle de la Chirimoya;85,74428244
CICLOCALLES;Calle del Aguacate;196,854737
CICLOCALLES;Calle de la Secoya;180,3288142
CICLOCALLES;Calle de Reus;407,9968267
CICLOCALLES;Camino Viejo del Encinar;554,0391383
PEATONAL;Calle de Salvador de Madariaga;81,00748724
PEATONAL;Calle de Florencio Castillo;62,28286947
PEATONAL;Calle de Colombia;66,00176694
PEATONAL;Calle de Bellas Vistas;58,70721195
PEATONAL;Avenida del Alcalde Conde de Mayalde;131,5510391
PEATONAL;Paseo de la Habana;100,6459885
PEATONAL;Calle de Martina D›az;379,2440974
PEATONAL;Avenida del Manzanares;141,2157037
PEATONAL;Isla de Oza;19,57179247
PEATONAL;Calle de Ana de Austria;46,83678096
PEATONAL;Glorieta de Pilar Miræ;58,99886421
PEATONAL;Calle de Costa Rica;184,0613003
PEATONAL;Calle de M⁄ndez ?lvaro;146,5724085
CICLOCALLES;Paseo de la Ciudad de Plasencia;339,0859912
CICLOCALLES;Paseo de la Virgen del Puerto;97,72599693
CICLOCALLES;Calle de Segovia;284,4602367
CICLOCALLES;Calle Lavapi⁄s;237,5439947
CICLOCALLES;Calle Jes∑s y Mar›a;217,3765913
CICLOCALLES;Calle Espada;43,00172
CICLOCALLES;Calle Esgrima;45,93807503
CICLOCALLES;Calle Amparo;526,0357592
CICLOCALLES;Ronda Sur;271,8221996
CICLOCALLES;Ronda Sur;576,329574
CICLOCALLES;Camino de la China a Vallecas;3716,815111
CICLOCALLES;Enlace Calle Americio con Madrid R›o;530,358384
CICLOCALLES;Calle San Jenaro;1178,907331
CICLOCALLES;Calle General Romero Bassat;267,8185778
CICLOCALLES;Calle Mirabel;294,7465716
CICLOCALLES;Calle Oliva de Plasencia;487,3018275
CICLOCALLES;Calle Sopelana;393,4497772
CICLOCALLES;Calle Somera;282,3535584
CICLOCALLES;Calle Zumaya;84,94567952
CICLOCALLES;Calle Pr›ncipe de Viana;770,1980088
CICLOCALLES;Calle Zarzuela;232,4561938
CICLOCALLES;Calle Cabellera de Berenice;1230,530468
CICLOCALLES;Calle Navas de Oro;481,2361689
CICLOCALLES;Calle de Dario Aparicio;1137,174288
CICLOCALLES;Calle Argentona;396,1654007
CICLOCALLES;Avenida de Valdemar›n;86,26378536
CICLOCALLES;Calle Nuestra Se±ora de Bego±a;74,98305119
CICLOCALLES;Calle Isla de la Alegranza;294,2247841
CICLOCALLES;Calle Isla de la Alegranza;126,7140384
CICLOCALLES;Calle O±a;911,8399026
CICLOCALLES;Avenida Monasterio de Arlanza;414,8854333
CICLOCALLES;Calle Abtao;376,6182862
CICLOCALLES;Av. Doctor Garcia Tapia;675,0856421
CICLOCALLES;Calle Pez Volador;302,21496
CICLOCALLES;Calle Eduardo Aunæs;341,6911786
CICLOCALLES;Calle Enrique D'Almonte;74,31109451
CICLOCALLES;Calle Jorge Juan;50,29909876
CICLOCALLES;Calle Duque de Sesto;821,9665865
CICLOCALLES;Calle Arrastaria;426,5718882
CICLOCALLES;Calle Samaniego;1070,16625
CICLOCALLES;Calle Samaniego;161,0709446
CICLOCALLES;Calle Esfinge;145,2296022
CICLOCALLES;Calle Hulla;631,2046829
CICLOCALLES;Calle Benimamet;704,6303232
CICLOCALLES;Avenida Monasterio de Silos;430,0794512
CICLOCALLES;Calle Pez Volador;328,4861783
CICLOCALLES;Calle Samaria;392,093452
CICLOCALLES;Avenida Nazaret;298,0997175
CICLOCALLES;Avenida Nazaret;294,6436099
CICLOCALLES;Calle Astros;250,0181975
PEATONAL;Intercambiador Pza. Castilla;134,0447999
CICLOCALLES;Calle de San Benito;343,8026372
CICLOCALLES;Calle de San Benito;350,8543169
CICLOCALLES;Calle de San Benito;345,2505644
